"the_geom","objectid_1","park","park_no","facility_n","facility_t","x_coord","y_coord","gisobjid"
"POINT (-87.63769762610757 41.76299921150787)","1","HAMILTON (ALEXANDER)","9.0","CULTURAL CENTER","SPECIAL","-87.63769763","41.76299921","2494.0"
"POINT (-87.63792902986378 41.76281652413111)","2","HAMILTON (ALEXANDER)","9.0","GYMNASIUM","INDOOR","-87.63792903","41.76281652","2495.0"
"POINT (-87.63691359952075 41.76084939012162)","3","HAMILTON (ALEXANDER)","9.0","BASEBALL JR/SOFTBALL","OUTDOOR","-87.6369136","41.76084939","2496.0"
"POINT (-87.63832013450008 41.76200535623585)","4","HAMILTON (ALEXANDER)","9.0","BASEBALL JR/SOFTBALL","OUTDOOR","-87.63832013","41.76200536","2497.0"
"POINT (-87.63805916836576 41.76047384589964)","5","HAMILTON (ALEXANDER)","9.0","BASEBALL JR/SOFTBALL","OUTDOOR","-87.63805917","41.76047385","2498.0"
"POINT (-87.63674047085038 41.7611127732937)","6","HAMILTON (ALEXANDER)","9.0","BASEBALL JR/SOFTBALL","OUTDOOR","-87.63674047","41.76111277","2499.0"
"POINT (-87.6359054976588 41.761924615978444)","7","HAMILTON (ALEXANDER)","9.0","POOL (OUTDOOR)","OUTDOOR","-87.6359055","41.76192462","2500"
"POINT (-87.63686292204704 41.762619836707124)","8","HAMILTON (ALEXANDER)","9.0","PLAYGROUND","OUTDOOR","-87.63686292","41.76261984","2501.0"
"POINT (-87.63660514606852 41.76312825043389)","9","HAMILTON (ALEXANDER)","9.0","SPRAY FEATURE","OUTDOOR","-87.63660515","41.76312825","2502.0"
"POINT (-87.63842974935338 41.761198555795076)","10","HAMILTON (ALEXANDER)","9.0","BASEBALL SR","OUTDOOR","-87.63842975","41.76119856","2503.0"
"POINT (-87.6370030150641 41.76191238441992)","11","HAMILTON (ALEXANDER)","9.0","BASEBALL SR","OUTDOOR","-87.63700302","41.76191238","2504.0"
"POINT (-87.63562214879504 41.76304673325902)","12","HAMILTON (ALEXANDER)","9.0","TENNIS COURT","OUTDOOR","-87.63562215","41.76304673","2505.0"
"POINT (-87.63583036536316 41.76303855367456)","13","HAMILTON (ALEXANDER)","9.0","TENNIS COURT","OUTDOOR","-87.63583037","41.76303855","2506.0"
"POINT (-87.63601325403096 41.763039663851124)","14","HAMILTON (ALEXANDER)","9.0","TENNIS COURT","OUTDOOR","-87.63601325","41.76303966","2507.0"
"POINT (-87.63617086599143 41.763045341839344)","15","HAMILTON (ALEXANDER)","9.0","TENNIS COURT","OUTDOOR","-87.63617087","41.76304534","2508.0"
"POINT (-87.63634114068245 41.76304637495082)","16","HAMILTON (ALEXANDER)","9.0","TENNIS COURT","OUTDOOR","-87.63634114","41.76304637","2509.0"
"POINT (-87.63635087134695 41.76273005964969)","17","HAMILTON (ALEXANDER)","9.0","TENNIS COURT","OUTDOOR","-87.63635087","41.76273006","2510.0"
"POINT (-87.63616167657185 41.762728911745796)","18","HAMILTON (ALEXANDER)","9.0","TENNIS COURT","OUTDOOR","-87.63616168","41.76272891","2511.0"
"POINT (-87.63599770849714 41.762727916648146)","19","HAMILTON (ALEXANDER)","9.0","TENNIS COURT","OUTDOOR","-87.63599771","41.76272792","2512.0"
"POINT (-87.68030436442524 41.9367571477461)","20","HAMLIN (HANNIBAL)","106.0","BASKETBALL COURT","OUTDOOR","-87.68030436","41.93675715","2513.0"
"POINT (-87.67917786526037 41.93654865370636)","21","HAMLIN (HANNIBAL)","106.0","FOOTBALL/SOCCER COMBO FLD","OUTDOOR","-87.67917787","41.93654865","2514.0"
"POINT (-87.68032910445979 41.936043077960264)","22","HAMLIN (HANNIBAL)","106.0","DOG FRIENDLY AREA","OUTDOOR","-87.6803291","41.93604308","2516.0"
"POINT (-87.6798296849164 41.937481111682935)","23","HAMLIN (HANNIBAL)","106.0","FITNESS CENTER","INDOOR","-87.67982968","41.93748111","2517.0"
"POINT (-87.6802483095691 41.937089480196676)","24","HAMLIN (HANNIBAL)","106.0","GYMNASIUM","INDOOR","-87.68024831","41.93708948","2518.0"
"POINT (-87.6786649781155 41.93696155354375)","25","HAMLIN (HANNIBAL)","106.0","BASEBALL JR/SOFTBALL","OUTDOOR","-87.67866498","41.93696155","2519.0"
"POINT (-87.67962215442036 41.93621630450575)","26","HAMLIN (HANNIBAL)","106.0","BASEBALL JR/SOFTBALL","OUTDOOR","-87.67962215","41.9362163","2520.0"
"POINT (-87.68022837812161 41.93736144821552)","27","HAMLIN (HANNIBAL)","106.0","POOL (OUTDOOR)","OUTDOOR","-87.68022838","41.93736145","2521.0"
"POINT (-87.6793019409385 41.93748911145529)","28","HAMLIN (HANNIBAL)","106.0","PLAYGROUND","OUTDOOR","-87.67930194","41.93748911","2522.0"
"POINT (-87.67961856447097 41.93690964102514)","29","HAMLIN (HANNIBAL)","106.0","BASEBALL SR","OUTDOOR","-87.67961856","41.93690964","2523.0"
"POINT (-87.67866522108899 41.936255163874975)","30","HAMLIN (HANNIBAL)","106.0","BASEBALL SR","OUTDOOR","-87.67866522","41.93625516","2524.0"
"POINT (-87.68039319621411 41.93626239706626)","31","HAMLIN (HANNIBAL)","106.0","TENNIS COURT","OUTDOOR","-87.6803932","41.9362624","2525.0"
"POINT (-87.68021162148891 41.93626657726959)","32","HAMLIN (HANNIBAL)","106.0","TENNIS COURT","OUTDOOR","-87.68021162","41.93626658","2526.0"
"POINT (-87.62029752056134 41.79189637912629)","33","HANSBERRY (LORRAINE)","1111.0","PLAYGROUND","OUTDOOR","-87.62029752","41.79189638","2527.0"
"POINT (-87.72480188745655 41.90240853069196)","34","HARDING (FREDERICK)","1106.0","PLAYGROUND","OUTDOOR","-87.72480189","41.90240853","2528.0"
"POINT (-87.618357886186 41.80501454972456)","35","HARDING (GEORGE)","1033.0","BASKETBALL COURT","OUTDOOR","-87.61835789","41.80501455","2529.0"
"POINT (-87.61836672219982 41.805547934357584)","36","HARDING (GEORGE)","1033.0","PLAYGROUND","OUTDOOR","-87.61836672","41.80554793","2530.0"
"POINT (-87.61843218595244 41.80521388094226)","37","HARDING (GEORGE)","1033.0","VOLLEYBALL","OUTDOOR","-87.61843219","41.80521388","2531.0"
"POINT (-87.60489798067177 41.781736738398315)","38","HARRIS (HARRIET)","524.0","FITNESS CENTER","INDOOR","-87.60489798","41.78173674","2532.0"
"POINT (-87.60471883113593 41.78152949213613)","39","HARRIS (HARRIET)","524.0","GYMNASIUM","INDOOR","-87.60471883","41.78152949","2533.0"
"POINT (-87.60502579204426 41.78187183309958)","40","HARRIS (HARRIET)","524.0","POOL (INDOOR)","INDOOR","-87.60502579","41.78187183","2534.0"
"POINT (-87.60459680349332 41.78210575387381)","41","HARRIS (HARRIET)","524.0","PLAYGROUND","OUTDOOR","-87.6045968","41.78210575","2535.0"
"POINT (-87.64006584448846 41.77193030663132)","42","HARRIS (RYAN) MEMORIAL","1225.0","PLAYGROUND","OUTDOOR","-87.64006584","41.77193031","2536.0"
"POINT (-87.63986646345123 41.7721147164865)","43","HARRIS (RYAN) MEMORIAL","1225.0","SPRAY FEATURE","OUTDOOR","-87.63986646","41.77211472","2537.0"
"POINT (-87.67161219195903 41.85742608593286)","44","HARRISON (CARTER)","213.0","BASKETBALL COURT","OUTDOOR","-87.67161219","41.85742609","2538.0"
"POINT (-87.67187495168204 41.85741698448778)","45","HARRISON (CARTER)","213.0","BASKETBALL COURT","OUTDOOR","-87.67187495","41.85741698","2539.0"
"POINT (-87.67471920290419 41.85684049996371)","46","HARRISON (CARTER)","213.0","FOOTBALL/SOCCER COMBO FLD","OUTDOOR","-87.6747192","41.8568405","2540.0"
"POINT (-87.67185383615576 41.85698552118907)","47","HARRISON (CARTER)","213.0","GYMNASIUM","INDOOR","-87.67185384","41.85698552","2541.0"
"POINT (-87.67173913701586 41.85673499231899)","48","HARRISON (CARTER)","213.0","GYMNASTIC CENTER","INDOOR","-87.67173914","41.85673499","2542.0"
"POINT (-87.67225336759911 41.857097761802194)","49","HARRISON (CARTER)","213.0","HORSESHOE COURT","OUTDOOR","-87.67225337","41.85709776","2543.0"
"POINT (-87.67223207468577 41.85679495500659)","50","HARRISON (CARTER)","213.0","POOL (INDOOR)","INDOOR","-87.67223207","41.85679496","2544.0"
"POINT (-87.6737864509868 41.85723691805619)","51","HARRISON (CARTER)","213.0","BASEBALL JR/SOFTBALL","OUTDOOR","-87.67378645","41.85723692","2545.0"
"POINT (-87.67324471724686 41.85745140200792)","52","HARRISON (CARTER)","213.0","BASEBALL JR/SOFTBALL","OUTDOOR","-87.67324472","41.8574514","2546.0"
"POINT (-87.67270583258757 41.85743972777426)","53","HARRISON (CARTER)","213.0","BASEBALL SR","OUTDOOR","-87.67270583","41.85743973","2547.0"
"POINT (-87.67317552848277 41.85658592869139)","54","HARRISON (CARTER)","213.0","BASEBALL SR","OUTDOOR","-87.67317553","41.85658593","2548.0"
"POINT (-87.67131358954997 41.856092255385576)","55","HARRISON (CARTER)","213.0","PLAYGROUND","OUTDOOR","-87.67131359","41.85609226","2549.0"
"POINT (-87.67381810676652 41.85622873065231)","56","HARRISON (CARTER)","213.0","BASEBALL SR","OUTDOOR","-87.67381811","41.85622873","2550.0"
"POINT (-87.67541554563915 41.85621135677501)","57","HARRISON (CARTER)","213.0","BASEBALL SR","OUTDOOR","-87.67541555","41.85621136","2551.0"
"POINT (-87.67238599953073 41.85742523417444)","58","HARRISON (CARTER)","213.0","MINI-PITCH","OUTDOOR","-87.672386","41.85742523","6671.0"
"POINT (-87.67220847866676 41.85742951995901)","59","HARRISON (CARTER)","213.0","TENNIS COURT","OUTDOOR","-87.67220848","41.85742952","2555.0"
"POINT (-87.59550717906313 41.8138539102585)","60","HARSH (VIVIAN G.)","324.0","PLAYGROUND","OUTDOOR","-87.59550718","41.81385391","2556.0"
"POINT (-87.59550519057876 41.813955965647594)","61","HARSH (VIVIAN G.)","324.0","SPRAY FEATURE","OUTDOOR","-87.59550519","41.81395597","2557.0"
"POINT (-87.65674341272556 42.00238439777333)","62","HARTIGAN (DAVID) BEACH","1248.0","BEACH","OUTDOOR","-87.65674341","42.0023844","2558.0"
"POINT (-87.65769376050986 42.00227200187814)","63","HARTIGAN (DAVID) BEACH","1248.0","PLAYGROUND","OUTDOOR","-87.65769376","42.002272","2559.0"
"POINT (-87.56772978218578 41.770055007808466)","64","HASAN (ELLIOT)","294.0","PLAYGROUND","OUTDOOR","-87.56772978","41.77005501","2560.0"
"POINT (-87.6966131381893 41.74126301678351)","65","HAYES (FRANCIS)","242.0","FOOTBALL/SOCCER COMBO FLD","OUTDOOR","-87.69661314","41.74126302","2561.0"
"POINT (-87.69688518278305 41.74034536012762)","66","HAYES (FRANCIS)","242.0","FOOTBALL/SOCCER COMBO FLD","OUTDOOR","-87.69688518","41.74034536","2562.0"
"POINT (-87.69692506803808 41.73903754009175)","67","HAYES (FRANCIS)","242.0","FITNESS CENTER","INDOOR","-87.69692507","41.73903754","2563.0"
"POINT (-87.69681678783454 41.739077343226846)","68","HAYES (FRANCIS)","242.0","GYMNASIUM","INDOOR","-87.69681679","41.73907734","2564.0"
"POINT (-87.69732977102427 41.73902463048953)","69","HAYES (FRANCIS)","242.0","POOL (INDOOR)","INDOOR","-87.69732977","41.73902463","2565.0"
"POINT (-87.69630679958311 41.73985036562981)","70","HAYES (FRANCIS)","242.0","BASEBALL JR/SOFTBALL","OUTDOOR","-87.6963068","41.73985037","2566.0"
"POINT (-87.69634579602148 41.74070920261634)","71","HAYES (FRANCIS)","242.0","BASEBALL JR/SOFTBALL","OUTDOOR","-87.6963458","41.7407092","2567.0"
"POINT (-87.69599423098704 41.74127627909887)","72","HAYES (FRANCIS)","242.0","BASEBALL JR/SOFTBALL","OUTDOOR","-87.69599423","41.74127628","2568.0"
"POINT (-87.69743309898446 41.74051200151408)","73","HAYES (FRANCIS)","242.0","BASEBALL JR/SOFTBALL","OUTDOOR","-87.6974331","41.740512","2569.0"
"POINT (-87.69587776157215 41.74207836623244)","74","HAYES (FRANCIS)","242.0","PLAYGROUND","OUTDOOR","-87.69587776","41.74207837","2570.0"
"POINT (-87.69587208355564 41.74196656184756)","75","HAYES (FRANCIS)","242.0","SPRAY FEATURE","OUTDOOR","-87.69587208","41.74196656","2571.0"
"POINT (-87.69732348127648 41.74130904741614)","76","HAYES (FRANCIS)","242.0","BASEBALL SR","OUTDOOR","-87.69732348","41.74130905","2572.0"
"POINT (-87.69738037133624 41.73966833110333)","77","HAYES (FRANCIS)","242.0","BASEBALL SR","OUTDOOR","-87.69738037","41.73966833","2573.0"
"POINT (-87.69792352592614 41.73936332886427)","78","HAYES (FRANCIS)","242.0","VOLLEYBALL","OUTDOOR","-87.69792353","41.73936333","2574.0"
"POINT (-87.77409636923022 41.89247586841605)","79","HAZELNUT","417.0","PLAYGROUND","OUTDOOR","-87.77409637","41.89247587","2575.0"
"POINT (-87.66828980455281 41.787381496665716)","80","HERMITAGE","1008.0","BASKETBALL COURT","OUTDOOR","-87.6682898","41.7873815","2576.0"
"POINT (-87.66773673182209 41.78716985047073)","81","HERMITAGE","1008.0","FOOTBALL/SOCCER COMBO FLD","OUTDOOR","-87.66773673","41.78716985","2577.0"
"POINT (-87.6672203089532 41.78698944127811)","82","HERMITAGE","1008.0","BASEBALL JR/SOFTBALL","OUTDOOR","-87.66722031","41.78698944","2578.0"
"POINT (-87.668655794066 41.78701485075976)","83","HERMITAGE","1008.0","PLAYGROUND","OUTDOOR","-87.66865579","41.78701485","2579.0"
"POINT (-87.668693012237 41.78689225128086)","84","HERMITAGE","1008.0","SPRAY FEATURE","OUTDOOR","-87.66869301","41.78689225","2580.0"
"POINT (-87.66901381285486 41.78741987578196)","85","HERMITAGE","1008.0","VOLLEYBALL","OUTDOOR","-87.66901381","41.78741988","2581.0"
"POINT (-87.73985330498842 41.921816336587234)","86","HERMOSA","125.0","BASKETBALL COURT","OUTDOOR","-87.7398533","41.92181634","2582.0"
"POINT (-87.74075115097823 41.922022473409505)","87","HERMOSA","125.0","FOOTBALL/SOCCER COMBO FLD","OUTDOOR","-87.74075115","41.92202247","2583.0"
"POINT (-87.74049211449375 41.92235891533574)","88","HERMOSA","125.0","BASEBALL JR/SOFTBALL","OUTDOOR","-87.74049211","41.92235892","2584.0"
"POINT (-87.73983511454048 41.92224394628641)","89","HERMOSA","125.0","PLAYGROUND","OUTDOOR","-87.73983511","41.92224395","2585.0"
"POINT (-87.73948819628933 41.9224467062432)","90","HERMOSA","125.0","SPRAY FEATURE","OUTDOOR","-87.7394882","41.92244671","2586.0"
"POINT (-87.74112712029113 41.92177509564015)","91","HERMOSA","125.0","BASEBALL SR","OUTDOOR","-87.74112712","41.9217751","2587.0"
"POINT (-87.73961891915147 41.92177527692374)","92","HERMOSA","125.0","VOLLEYBALL","OUTDOOR","-87.73961892","41.92177528","2588.0"
"POINT (-87.82516965198042 41.94403127703095)","93","HIAWATHA","229.0","FOOTBALL/SOCCER COMBO FLD","OUTDOOR","-87.82516965","41.94403128","2589.0"
"POINT (-87.82767308125432 41.94368350246881)","94","HIAWATHA","229.0","FITNESS CENTER","INDOOR","-87.82767308","41.9436835","2590.0"
"POINT (-87.82730964663514 41.943837912975546)","95","HIAWATHA","229.0","GYMNASIUM","INDOOR","-87.82730965","41.94383791","2591.0"
"POINT (-87.82767214285427 41.94341246536152)","96","HIAWATHA","229.0","BOCCE COURT","SPECIAL","-87.82767214","41.94341247","2592.0"
"POINT (-87.82806711859422 41.9432256040038)","97","HIAWATHA","229.0","BASEBALL JR/SOFTBALL","OUTDOOR","-87.82806712","41.9432256","2593.0"
"POINT (-87.82843574823643 41.943274908224566)","98","HIAWATHA","229.0","PLAYGROUND","OUTDOOR","-87.82843575","41.94327491","2594.0"
"POINT (-87.82642629073321 41.94341969975765)","99","HIAWATHA","229.0","SPORT ROLLER COURT","OUTDOOR","-87.82642629","41.9434197","2595.0"
"POINT (-87.82870557319079 41.94325490238522)","100","HIAWATHA","229.0","SPRAY FEATURE","OUTDOOR","-87.82870557","41.9432549","2596.0"
"POINT (-87.82449513679914 41.943533014163116)","101","HIAWATHA","229.0","BASEBALL SR","OUTDOOR","-87.82449514","41.94353301","2597.0"
"POINT (-87.825914561679 41.94351810300665)","102","HIAWATHA","229.0","BASEBALL SR","OUTDOOR","-87.82591456","41.9435181","2598.0"
"POINT (-87.82450842235774 41.9445397130448)","103","HIAWATHA","229.0","BASEBALL SR","OUTDOOR","-87.82450842","41.94453971","2599.0"
"POINT (-87.82595071195776 41.944328873988326)","104","HIAWATHA","229.0","BASEBALL SR","OUTDOOR","-87.82595071","41.94432887","2600"
"POINT (-87.82630070138444 41.94404432187235)","105","HIAWATHA","229.0","TENNIS COURT","OUTDOOR","-87.8263007","41.94404432","2601.0"
"POINT (-87.82647101296364 41.944045073852784)","106","HIAWATHA","229.0","TENNIS COURT","OUTDOOR","-87.82647101","41.94404507","2602.0"
"POINT (-87.6580960472265 41.97016471822537)","107","HICKORY","299.0","PLAYGROUND","OUTDOOR","-87.65809605","41.97016472","2603.0"
"POINT (-87.59882590243332 41.76394295224144)","108","HOARD (EDISON)","387.0","BASKETBALL COURT","OUTDOOR","-87.5988259","41.76394295","2604.0"
"POINT (-87.59912038910369 41.76393922984059)","109","HOARD (EDISON)","387.0","BASKETBALL COURT","OUTDOOR","-87.59912039","41.76393923","2605.0"
"POINT (-87.59833178393876 41.76351010459347)","110","HOARD (EDISON)","387.0","BASEBALL JR/SOFTBALL","OUTDOOR","-87.59833178","41.7635101","2606.0"
"POINT (-87.5990650857727 41.76353721242964)","111","HOARD (EDISON)","387.0","PLAYGROUND","OUTDOOR","-87.59906509","41.76353721","2607.0"
"POINT (-87.59903135082715 41.76365095689962)","112","HOARD (EDISON)","387.0","SPRAY FEATURE","OUTDOOR","-87.59903135","41.76365096","2608.0"
"POINT (-87.60357716414198 41.82046188527692)","113","HOLLY","325.0","PLAYGROUND","OUTDOOR","-87.60357716","41.82046189","2609.0"
"POINT (-87.60324808037558 41.82055472057554)","114","HOLLY","325.0","SPRAY FEATURE","OUTDOOR","-87.60324808","41.82055472","2610.0"
"POINT (-87.71109725988927 41.98915917297152)","115","HOLLYWOOD","75.0","BASKETBALL COURT","OUTDOOR","-87.71109726","41.98915917","2611.0"
"POINT (-87.71110463054102 41.98963680562881)","116","HOLLYWOOD","75.0","BASEBALL JR/SOFTBALL","OUTDOOR","-87.71110463","41.98963681","2612.0"
"POINT (-87.71179768756484 41.99007106671988)","117","HOLLYWOOD","75.0","BASEBALL JR/SOFTBALL","OUTDOOR","-87.71179769","41.99007107","2613.0"
"POINT (-87.71093912197809 41.98873229357186)","118","HOLLYWOOD","75.0","PLAYGROUND","OUTDOOR","-87.71093912","41.98873229","2614.0"
"POINT (-87.71116582267857 41.98890841511728)","119","HOLLYWOOD","75.0","SPRAY FEATURE","OUTDOOR","-87.71116582","41.98890842","2615.0"
"POINT (-87.71239898897554 41.989123618991606)","120","HOLLYWOOD","75.0","TENNIS COURT","OUTDOOR","-87.71239899","41.98912362","2616.0"
"POINT (-87.6853024913669 41.92171954031226)","121","HOLSTEIN","203.0","GYMNASIUM","INDOOR","-87.68530249","41.92171954","2617.0"
"POINT (-87.68509851625144 41.92198798166454)","122","HOLSTEIN","203.0","POOL (OUTDOOR)","OUTDOOR","-87.68509852","41.92198798","2618.0"
"POINT (-87.68500274640992 41.92241733649224)","123","HOLSTEIN","203.0","PLAYGROUND","OUTDOOR","-87.68500275","41.92241734","2619.0"
"POINT (-87.68490412807496 41.921455836763144)","124","HOLSTEIN","203.0","BASEBALL SR","OUTDOOR","-87.68490413","41.92145584","2620.0"
"POINT (-87.68486454663588 41.92214927184658)","125","HOLSTEIN","203.0","SPRAY FEATURE","OUTDOOR","-87.68486455","41.92214927","2621.0"
"POINT (-87.71045056353422 41.852257324760586)","126","HOMAN (JOSEPH)","1108.0","PLAYGROUND","OUTDOOR","-87.71045056","41.85225732","2622.0"
"POINT (-87.60990004244252 41.810146086917754)","127","HONEYSUCKLE","351.0","PLAYGROUND","OUTDOOR","-87.60990004","41.81014609","2623.0"
"POINT (-87.7032239341533 41.87566197564636)","128","HORAN (ALBERT)","1035.0","BASKETBALL COURT","OUTDOOR","-87.70322393","41.87566198","2624.0"
"POINT (-87.7045346246075 41.87562959040192)","129","HORAN (ALBERT)","1035.0","BASEBALL JR/SOFTBALL","OUTDOOR","-87.70453462","41.87562959","2625.0"
"POINT (-87.70267203767389 41.87570181332742)","130","HORAN (ALBERT)","1035.0","PLAYGROUND","OUTDOOR","-87.70267204","41.87570181","2626.0"
"POINT (-87.7023990905805 41.875640959926095)","131","HORAN (ALBERT)","1035.0","SPRAY FEATURE","OUTDOOR","-87.70239909","41.87564096","2627.0"
"POINT (-87.72058354474743 41.8618727459789)","132","HORNBEAM","353.0","PLAYGROUND","OUTDOOR","-87.72058354","41.86187275","2628.0"
"POINT (-87.72044117896165 41.861976501979754)","133","HORNBEAM","353.0","SPRAY FEATURE","OUTDOOR","-87.72044118","41.8619765","2629.0"
"POINT (-87.69646966599163 41.96088238820056)","134","HORNER (HENRY)","228.0","BASKETBALL COURT","OUTDOOR","-87.69646967","41.96088239","2630.0"
"POINT (-87.69673477055903 41.96087443925579)","135","HORNER (HENRY)","228.0","BASKETBALL COURT","OUTDOOR","-87.69673477","41.96087444","2631.0"
"POINT (-87.69635954254133 41.95819308493176)","136","HORNER (HENRY)","228.0","FOOTBALL/SOCCER COMBO FLD","OUTDOOR","-87.69635954","41.95819308","2632.0"
"POINT (-87.69620726719589 41.95548711268576)","137","HORNER (HENRY)","228.0","FOOTBALL/SOCCER COMBO FLD","OUTDOOR","-87.69620727","41.95548711","2633.0"
"POINT (-87.69763884124606 41.96062148009889)","138","HORNER (HENRY)","228.0","GYMNASIUM","INDOOR","-87.69763884","41.96062148","2635.0"
"POINT (-87.69730541656564 41.95806120420313)","139","HORNER (HENRY)","228.0","BASEBALL JR/SOFTBALL","OUTDOOR","-87.69730542","41.9580612","2636.0"
"POINT (-87.6971374340813 41.95845588729466)","140","HORNER (HENRY)","228.0","BASEBALL JR/SOFTBALL","OUTDOOR","-87.69713743","41.95845589","2637.0"
"POINT (-87.69593627836248 41.95868470971479)","141","HORNER (HENRY)","228.0","BASEBALL JR/SOFTBALL","OUTDOOR","-87.69593628","41.95868471","2638.0"
"POINT (-87.6954484551553 41.95824870866137)","142","HORNER (HENRY)","228.0","BASEBALL JR/SOFTBALL","OUTDOOR","-87.69544846","41.95824871","2639.0"
"POINT (-87.69541914582078 41.95739138068906)","143","HORNER (HENRY)","228.0","BASEBALL JR/SOFTBALL","OUTDOOR","-87.69541915","41.95739138","2640.0"
"POINT (-87.69542205779406 41.95709939563338)","144","HORNER (HENRY)","228.0","BASEBALL JR/SOFTBALL","OUTDOOR","-87.69542206","41.9570994","2641.0"
"POINT (-87.69539256247842 41.956260905854485)","145","HORNER (HENRY)","228.0","BASEBALL JR/SOFTBALL","OUTDOOR","-87.69539256","41.95626091","2642.0"
"POINT (-87.69537004986398 41.955987617970536)","146","HORNER (HENRY)","228.0","BASEBALL JR/SOFTBALL","OUTDOOR","-87.69537005","41.95598762","2643.0"
"POINT (-87.69555544299219 41.95511264403764)","147","HORNER (HENRY)","228.0","BASEBALL JR/SOFTBALL","OUTDOOR","-87.69555544","41.95511264","2644.0"
"POINT (-87.69797943672599 41.960080685719966)","148","HORNER (HENRY)","228.0","PLAYGROUND","OUTDOOR","-87.69797944","41.96008069","2645.0"
"POINT (-87.69676727635677 41.95507227324641)","149","HORNER (HENRY)","228.0","BASEBALL SR","OUTDOOR","-87.69676728","41.95507227","2646.0"
"POINT (-87.69710569640944 41.956571832733)","150","HORNER (HENRY)","228.0","BASEBALL SR","OUTDOOR","-87.6971057","41.95657183","2647.0"
"POINT (-87.69605294045856 41.960908333488504)","151","HORNER (HENRY)","228.0","TENNIS COURT","OUTDOOR","-87.69605294","41.96090833","2648.0"
"POINT (-87.69572483289915 41.96090651172899)","152","HORNER (HENRY)","228.0","TENNIS COURT","OUTDOOR","-87.69572483","41.96090651","2649.0"
"POINT (-87.69780044183238 41.95904356171909)","153","HORNER (HENRY)","228.0","MINI-PITCH","OUTDOOR","-87.69780044","41.95904356","6684.0"
"POINT (-87.69761106121499 41.959051932467844)","154","HORNER (HENRY)","228.0","MINI-PITCH","OUTDOOR","-87.69761106","41.95905193","6685.0"
"POINT (-87.6962296135868 41.960909314046546)","155","HORNER (HENRY)","228.0","TENNIS COURT","OUTDOOR","-87.69622961","41.96090931","2652.0"
"POINT (-87.69590159988542 41.960898074069476)","156","HORNER (HENRY)","228.0","TENNIS COURT","OUTDOOR","-87.6959016","41.96089807","2653.0"
"POINT (-87.6056288798923 41.80355685813183)","157","HOUSTON (JESSIE ""MA"")","278.0","BASKETBALL COURT","OUTDOOR","-87.60562888","41.80355686","2654.0"
"POINT (-87.60536516109237 41.80356199025209)","158","HOUSTON (JESSIE ""MA"")","278.0","BASKETBALL COURT","OUTDOOR","-87.60536516","41.80356199","2655.0"
"POINT (-87.60473455978118 41.80385050841885)","159","HOUSTON (JESSIE ""MA"")","278.0","PLAYGROUND","OUTDOOR","-87.60473456","41.80385051","2656.0"
"POINT (-87.66391454785109 42.01886353324185)","160","HOWARD (URE) BEACH","1256.0","BEACH","OUTDOOR","-87.66391455","42.01886353","2657.0"
"POINT (-87.66424860203742 42.01907478636338)","161","HOWARD (URE) BEACH","1256.0","PLAYGROUND","OUTDOOR","-87.6642486","42.01907479","2658.0"
"POINT (-87.67851427634024 41.831275251536)","162","HOYNE (THOMAS)","1036.0","BASKETBALL COURT","OUTDOOR","-87.67851428","41.83127525","2659.0"
"POINT (-87.67812366342055 41.83183543775105)","163","HOYNE (THOMAS)","1036.0","FOOTBALL/SOCCER COMBO FLD","OUTDOOR","-87.67812366","41.83183544","2660.0"
"POINT (-87.67851267638488 41.831640468055674)","164","HOYNE (THOMAS)","1036.0","BASEBALL JR/SOFTBALL","OUTDOOR","-87.67851268","41.83164047","2661.0"
"POINT (-87.67876470224834 41.831286206422355)","165","HOYNE (THOMAS)","1036.0","PLAYGROUND","OUTDOOR","-87.6787647","41.83128621","2662.0"
"POINT (-87.67874134302738 41.831911721255125)","166","HOYNE (THOMAS)","1036.0","VOLLEYBALL","OUTDOOR","-87.67874134","41.83191172","2663.0"
"POINT (-87.75013514361406 41.88898444070014)","167","HUBBARD (GURDON)","1109.0","BASKETBALL COURT","OUTDOOR","-87.75013514","41.88898444","2664.0"
"POINT (-87.74983728676698 41.88881660040137)","168","HUBBARD (GURDON)","1109.0","PLAYGROUND","OUTDOOR","-87.74983729","41.8888166","2665.0"
"POINT (-87.59523562700686 41.78220632346022)","169","HUCKLEBERRY","336.0","PLAYGROUND","OUTDOOR","-87.59523563","41.78220632","2666.0"
"POINT (-87.64299257942116 41.83834694903945)","170","HUMBERT (JAMES)","1121.0","PLAYGROUND","OUTDOOR","-87.64299258","41.83834695","2668.0"
"POINT (-87.70307859101476 41.90099154433247)","171","HUMBOLDT (ALEXANDER VON)","219.0","ARTIFICIAL TURF REG","OUTDOOR","-87.70307104","41.90090963","2669.0"
"POINT (-87.70511676711665 41.900136758010106)","172","HUMBOLDT (ALEXANDER VON)","219.0","BASKETBALL COURT","OUTDOOR","-87.70511677","41.90013676","2670.0"
"POINT (-87.70486460476353 41.90014793164444)","173","HUMBOLDT (ALEXANDER VON)","219.0","BASKETBALL COURT","OUTDOOR","-87.7048646","41.90014793","2671.0"
"POINT (-87.699794175064 41.909204865077086)","174","HUMBOLDT (ALEXANDER VON)","219.0","BASKETBALL COURT","OUTDOOR","-87.69979418","41.90920487","2672.0"
"POINT (-87.7037028926133 41.906365082228376)","175","HUMBOLDT (ALEXANDER VON)","219.0","BEACH","OUTDOOR","-87.70370289","41.90636508","2673.0"
"POINT (-87.69887351093294 41.90683123443976)","176","HUMBOLDT (ALEXANDER VON)","219.0","CASTING PIER","OUTDOOR","-87.69887351","41.90683123","2674.0"
"POINT (-87.70309497399721 41.90715885858702)","177","HUMBOLDT (ALEXANDER VON)","219.0","FITNESS CENTER","INDOOR","-87.70309497","41.90715886","2675.0"
"POINT (-87.7029121055687 41.9038275048741)","178","HUMBOLDT (ALEXANDER VON)","219.0","GARDEN","OUTDOOR","-87.70291211","41.9038275","2676.0"
"POINT (-87.69936549497369 41.90636318675986)","179","HUMBOLDT (ALEXANDER VON)","219.0","GARDEN","OUTDOOR","-87.69936549","41.90636319","2677.0"
"POINT (-87.70268407398888 41.907064310823955)","180","HUMBOLDT (ALEXANDER VON)","219.0","GYMNASIUM","INDOOR","-87.70268407","41.90706431","2678.0"
"POINT (-87.70379437591293 41.90902697358102)","181","HUMBOLDT (ALEXANDER VON)","219.0","BASEBALL JR/SOFTBALL","OUTDOOR","-87.70379438","41.90902697","2679.0"
"POINT (-87.70336640523753 41.9089681347978)","182","HUMBOLDT (ALEXANDER VON)","219.0","BASEBALL JR/SOFTBALL","OUTDOOR","-87.70336641","41.90896813","2680.0"
"POINT (-87.70203548224433 41.90844612326231)","183","HUMBOLDT (ALEXANDER VON)","219.0","BASEBALL JR/SOFTBALL","OUTDOOR","-87.70203548","41.90844612","2681.0"
"POINT (-87.7025528482633 41.90795937102221)","184","HUMBOLDT (ALEXANDER VON)","219.0","BASEBALL JR/SOFTBALL","OUTDOOR","-87.70255285","41.90795937","2682.0"
"POINT (-87.7035930734689 41.90813455552607)","185","HUMBOLDT (ALEXANDER VON)","219.0","BASEBALL JR/SOFTBALL","OUTDOOR","-87.70359307","41.90813456","2683.0"
"POINT (-87.70523540360563 41.906034523933606)","186","HUMBOLDT (ALEXANDER VON)","219.0","BASEBALL SR","OUTDOOR","-87.7052354","41.90603452","2684.0"
"POINT (-87.70137400874563 41.90462928985057)","187","HUMBOLDT (ALEXANDER VON)","219.0","BASEBALL JR/SOFTBALL","OUTDOOR","-87.70137401","41.90462929","2685.0"
"POINT (-87.70069407398701 41.90456277700848)","188","HUMBOLDT (ALEXANDER VON)","219.0","BASEBALL JR/SOFTBALL","OUTDOOR","-87.70069407","41.90456278","2686.0"
"POINT (-87.70074116358893 41.90404833297863)","189","HUMBOLDT (ALEXANDER VON)","219.0","BASEBALL JR/SOFTBALL","OUTDOOR","-87.70074116","41.90404833","2687.0"
"POINT (-87.70148960671351 41.903983408521974)","190","HUMBOLDT (ALEXANDER VON)","219.0","BASEBALL JR/SOFTBALL","OUTDOOR","-87.70148961","41.90398341","2688.0"
"POINT (-87.70453658717284 41.905321414109686)","191","HUMBOLDT (ALEXANDER VON)","219.0","BASEBALL JR/SOFTBALL","OUTDOOR","-87.70453659","41.90532141","2689.0"
"POINT (-87.70523322746533 41.90197024054441)","192","HUMBOLDT (ALEXANDER VON)","219.0","BASEBALL JR/SOFTBALL","OUTDOOR","-87.70523323","41.90197024","2690.0"
"POINT (-87.70420636559744 41.90129927180208)","193","HUMBOLDT (ALEXANDER VON)","219.0","BASEBALL JR/SOFTBALL","OUTDOOR","-87.70420637","41.90129927","2691.0"
"POINT (-87.70554748774572 41.90076680001354)","194","HUMBOLDT (ALEXANDER VON)","219.0","BASEBALL JR/SOFTBALL","OUTDOOR","-87.70554749","41.9007668","2692.0"
"POINT (-87.69840235077905 41.909009613913724)","195","HUMBOLDT (ALEXANDER VON)","219.0","BASEBALL JR/SOFTBALL","OUTDOOR","-87.69840235","41.90900961","2693.0"
"POINT (-87.69927219745205 41.908506813755565)","196","HUMBOLDT (ALEXANDER VON)","219.0","BASEBALL JR/SOFTBALL","OUTDOOR","-87.6992722","41.90850681","2694.0"
"POINT (-87.70366868773787 41.89872908440929)","197","HUMBOLDT (ALEXANDER VON)","219.0","POOL (OUTDOOR)","OUTDOOR","-87.70366869","41.89872908","2695.0"
"POINT (-87.69988668490187 41.90973987594102)","198","HUMBOLDT (ALEXANDER VON)","219.0","PLAYGROUND","OUTDOOR","-87.69988668","41.90973988","2696.0"
"POINT (-87.69931490084001 41.908079629673395)","199","HUMBOLDT (ALEXANDER VON)","219.0","PLAYGROUND","OUTDOOR","-87.6993149","41.90807963","2697.0"
"POINT (-87.70599856796372 41.903609548556325)","200","HUMBOLDT (ALEXANDER VON)","219.0","PLAYGROUND","OUTDOOR","-87.70599857","41.90360955","2698.0"
"POINT (-87.70338193881548 41.898840495252216)","201","HUMBOLDT (ALEXANDER VON)","219.0","PLAYGROUND","OUTDOOR","-87.70338194","41.8988405","2699.0"
"POINT (-87.69812621125558 41.90592951135569)","202","HUMBOLDT (ALEXANDER VON)","219.0","VOLLEYBALL (SAND)","OUTDOOR","-87.69812621","41.90592951","2700"
"POINT (-87.69955060138261 41.90803699256557)","203","HUMBOLDT (ALEXANDER VON)","219.0","SPRAY FEATURE","OUTDOOR","-87.6995506","41.90803699","2701.0"
"POINT (-87.7033516034635 41.89850765448518)","204","HUMBOLDT (ALEXANDER VON)","219.0","WATER PLAYGROUND","OUTDOOR","-87.7033516","41.89850765","2702.0"
"POINT (-87.69751976732948 41.906076799577754)","205","HUMBOLDT (ALEXANDER VON)","219.0","TENNIS COURT","OUTDOOR","-87.69751977","41.9060768","2704.0"
"POINT (-87.69734326144972 41.90608209928103)","206","HUMBOLDT (ALEXANDER VON)","219.0","TENNIS COURT","OUTDOOR","-87.69734326","41.9060821","2705.0"
"POINT (-87.69732141925003 41.905743027259405)","207","HUMBOLDT (ALEXANDER VON)","219.0","TENNIS COURT","OUTDOOR","-87.69732142","41.90574303","2706.0"
"POINT (-87.69750620206763 41.90575032772857)","208","HUMBOLDT (ALEXANDER VON)","219.0","TENNIS COURT","OUTDOOR","-87.6975062","41.90575033","2707.0"
"POINT (-87.70525086840203 41.905260086617155)","209","HUMBOLDT (ALEXANDER VON)","219.0","MINI-PITCH","OUTDOOR","-87.70525087","41.90526009","2709.0"
"POINT (-87.7036036991287 41.898502760059515)","210","HUMBOLDT (ALEXANDER VON)","219.0","WATER SLIDE","OUTDOOR","-87.7036037","41.89850276","2711.0"
"POINT (-87.66940867371787 41.71179319575988)","211","HURLEY (TIMOTHY)","178.0","PLAYGROUND","OUTDOOR","-87.66940867","41.7117932","2712.0"
"POINT (-87.72409951843157 41.95301081638313)","212","INDEPENDENCE","83.0","FOOTBALL/SOCCER COMBO FLD","OUTDOOR","-87.72409952","41.95301082","2713.0"
"POINT (-87.72475961569758 41.95315060843822)","213","INDEPENDENCE","83.0","FITNESS CENTER","INDOOR","-87.72475962","41.95315061","2714.0"
"POINT (-87.72475666495524 41.952736576521076)","214","INDEPENDENCE","83.0","GYMNASIUM","INDOOR","-87.72475666","41.95273658","2715.0"
"POINT (-87.72476132799561 41.952970610754775)","215","INDEPENDENCE","83.0","POOL (INDOOR)","INDOOR","-87.72476133","41.95297061","2716.0"
"POINT (-87.72422461036689 41.95207961953718)","216","INDEPENDENCE","83.0","BASEBALL JR/SOFTBALL","OUTDOOR","-87.72422461","41.95207962","2717.0"
"POINT (-87.72430066383824 41.952569935420776)","217","INDEPENDENCE","83.0","BASEBALL JR/SOFTBALL","OUTDOOR","-87.72430066","41.95256994","2718.0"
"POINT (-87.72375694973148 41.95327702925791)","218","INDEPENDENCE","83.0","BASEBALL JR/SOFTBALL","OUTDOOR","-87.72375695","41.95327703","2719.0"
"POINT (-87.72348448000136 41.952405791484)","219","INDEPENDENCE","83.0","PLAYGROUND","OUTDOOR","-87.72348448","41.95240579","2720.0"
"POINT (-87.7247201966375 41.95347862770605)","220","INDEPENDENCE","83.0","SPRAY FEATURE","OUTDOOR","-87.7247202","41.95347863","2721.0"
"POINT (-87.72361665284774 41.952162847703796)","221","INDEPENDENCE","83.0","TENNIS COURT","OUTDOOR","-87.72361665","41.95216285","2722.0"
"POINT (-87.72312522935091 41.95217071584074)","222","INDEPENDENCE","83.0","TENNIS COURT","OUTDOOR","-87.72312523","41.95217072","2723.0"
"POINT (-87.7232901983344 41.95216897255288)","223","INDEPENDENCE","83.0","TENNIS COURT","OUTDOOR","-87.7232902","41.95216897","2724.0"
"POINT (-87.72345168267734 41.9521645914545)","224","INDEPENDENCE","83.0","TENNIS COURT","OUTDOOR","-87.72345168","41.95216459","2725.0"
"POINT (-87.6931938460753 42.009769370503264)","225","INDIAN BOUNDARY","165.0","PLAYGROUND","OUTDOOR","-87.69319385","42.00976937","2727.0"
"POINT (-87.69331051370469 42.00906061449514)","226","INDIAN BOUNDARY","165.0","VOLLEYBALL (SAND)","OUTDOOR","-87.69331051","42.00906061","2728.0"
"POINT (-87.69268916590691 42.0099374062144)","227","INDIAN BOUNDARY","165.0","SPRAY FEATURE","OUTDOOR","-87.69268917","42.00993741","2729.0"
"POINT (-87.69467156274261 42.00891220105304)","228","INDIAN BOUNDARY","165.0","TENNIS COURT","OUTDOOR","-87.69467156","42.0089122","2730.0"
"POINT (-87.69466320145254 42.00925014337946)","229","INDIAN BOUNDARY","165.0","TENNIS COURT","OUTDOOR","-87.6946632","42.00925014","2731.0"
"POINT (-87.69466483840202 42.00958442748915)","230","INDIAN BOUNDARY","165.0","TENNIS COURT","OUTDOOR","-87.69466484","42.00958443","2732.0"
"POINT (-87.69466153186919 42.00991497024796)","231","INDIAN BOUNDARY","165.0","TENNIS COURT","OUTDOOR","-87.69466153","42.00991497","2733.0"
"POINT (-87.77816271774009 41.993002970809314)","232","INDIAN ROAD","1038.0","BASKETBALL COURT","OUTDOOR","-87.77816272","41.99300297","2734.0"
"POINT (-87.7781764111498 41.993391402371934)","233","INDIAN ROAD","1038.0","BASEBALL JR/SOFTBALL","OUTDOOR","-87.77817641","41.9933914","2735.0"
"POINT (-87.77877593018762 41.99282130231388)","234","INDIAN ROAD","1038.0","PLAYGROUND","OUTDOOR","-87.77877593","41.9928213","2736.0"
"POINT (-87.77888154291671 41.993108311383224)","235","INDIAN ROAD","1038.0","SPRAY FEATURE","OUTDOOR","-87.77888154","41.99310831","2737.0"
"POINT (-87.58569869663819 41.77951686333941)","236","JACKSON (ANDREW)","19.0","TENNIS COURT","OUTDOOR","-87.5856987","41.77951686","2738.0"
"POINT (-87.58542942647155 41.77486301802569)","237","JACKSON (ANDREW)","19.0","BASKETBALL COURT","OUTDOOR","-87.58542943","41.77486302","2739.0"
"POINT (-87.58554344113327 41.7756495509671)","238","JACKSON (ANDREW)","19.0","BASKETBALL COURT","OUTDOOR","-87.58554344","41.77564955","2740.0"
"POINT (-87.57388546490631 41.782111641193254)","239","JACKSON (ANDREW)","19.0","BEACH","OUTDOOR","-87.57388546","41.78211164","2741.0"
"POINT (-87.57897521478246 41.790896735927134)","240","JACKSON (ANDREW)","19.0","BEACH","OUTDOOR","-87.57897521","41.79089674","2742.0"
"POINT (-87.57634124088183 41.779945751179376)","241","JACKSON (ANDREW)","19.0","BOAT LAUNCH MOTORIZED","OUTDOOR","-87.57634124","41.77994575","2744.0"
"POINT (-87.57931258511373 41.78918196111671)","242","JACKSON (ANDREW)","19.0","BOWLING GREEN","SPECIAL","-87.57931259","41.78918196","2745.0"
"POINT (-87.57893261421242 41.78941887672495)","243","JACKSON (ANDREW)","19.0","BOWLING GREEN","SPECIAL","-87.57893261","41.78941888","2746.0"
"POINT (-87.5828370438884 41.77911604439948)","244","JACKSON (ANDREW)","19.0","FOOTBALL/SOCCER COMBO FLD","OUTDOOR","-87.58283704","41.77911604","2747.0"
"POINT (-87.579752926611 41.78161896602219)","245","JACKSON (ANDREW)","19.0","FOOTBALL/SOCCER COMBO FLD","OUTDOOR","-87.57975293","41.78161897","2748.0"
"POINT (-87.57837799678171 41.78507921500371)","246","JACKSON (ANDREW)","19.0","FOOTBALL/SOCCER COMBO FLD","OUTDOOR","-87.578378","41.78507922","2749.0"
"POINT (-87.5853707665945 41.78165567968054)","247","JACKSON (ANDREW)","19.0","FOOTBALL/SOCCER COMBO FLD","OUTDOOR","-87.58537077","41.78165568","2750.0"
"POINT (-87.58558364748328 41.778957017521805)","248","JACKSON (ANDREW)","19.0","FITNESS CENTER","INDOOR","-87.58558365","41.77895702","2751.0"
"POINT (-87.58577423727694 41.786987315148735)","249","JACKSON (ANDREW)","19.0","GARDEN","OUTDOOR","-87.58577424","41.78698732","2752.0"
"POINT (-87.58283989275739 41.78649774619443)","250","JACKSON (ANDREW)","19.0","GARDEN","OUTDOOR","-87.58283989","41.78649775","2753.0"
"POINT (-87.58086027724366 41.77909937182831)","251","JACKSON (ANDREW)","19.0","GOLF COURSE","OUTDOOR","-87.58086028","41.77909937","2754.0"
"POINT (-87.57774474561893 41.78359014105624)","252","JACKSON (ANDREW)","19.0","GOLF DRIVING RANGE","OUTDOOR","-87.57774475","41.78359014","2755.0"
"POINT (-87.58547029224977 41.778783566349894)","253","JACKSON (ANDREW)","19.0","GYMNASIUM","INDOOR","-87.58547029","41.77878357","2756.0"
"POINT (-87.57891521120492 41.78140090316286)","254","JACKSON (ANDREW)","19.0","BASEBALL JR/SOFTBALL","OUTDOOR","-87.57891521","41.7814009","2757.0"
"POINT (-87.58119069881789 41.78073094275742)","255","JACKSON (ANDREW)","19.0","BASEBALL JR/SOFTBALL","OUTDOOR","-87.5811907","41.78073094","2758.0"
"POINT (-87.58575018718832 41.78207090971998)","256","JACKSON (ANDREW)","19.0","BASEBALL JR/SOFTBALL","OUTDOOR","-87.58575019","41.78207091","2759.0"
"POINT (-87.57585548666393 41.77365506422519)","257","JACKSON (ANDREW)","19.0","PLAYGROUND","OUTDOOR","-87.57585549","41.77365506","2760.0"
"POINT (-87.58593299823865 41.77920989386703)","258","JACKSON (ANDREW)","19.0","PLAYGROUND","OUTDOOR","-87.585933","41.77920989","2761.0"
"POINT (-87.58585391161456 41.79286945933286)","259","JACKSON (ANDREW)","19.0","PLAYGROUND","OUTDOOR","-87.58585391","41.79286946","2763.0"
"POINT (-87.58416492053168 41.77812996401317)","260","JACKSON (ANDREW)","19.0","BASEBALL SR","OUTDOOR","-87.58416492","41.77812996","2765.0"
"POINT (-87.58576229210729 41.781028779380364)","261","JACKSON (ANDREW)","19.0","BASEBALL SR","OUTDOOR","-87.58576229","41.78102878","2766.0"
"POINT (-87.58380476458865 41.7798153986729)","262","JACKSON (ANDREW)","19.0","TENNIS COURT","OUTDOOR","-87.58380476","41.7798154","2767.0"
"POINT (-87.58364777889268 41.7797679214313)","263","JACKSON (ANDREW)","19.0","TENNIS COURT","OUTDOOR","-87.58364778","41.77976792","2768.0"
"POINT (-87.58349565049764 41.77971332956231)","264","JACKSON (ANDREW)","19.0","TENNIS COURT","OUTDOOR","-87.58349565","41.77971333","2769.0"
"POINT (-87.58367580834044 41.77941077599208)","265","JACKSON (ANDREW)","19.0","TENNIS COURT","OUTDOOR","-87.58367581","41.77941078","2770.0"
"POINT (-87.58383262676537 41.77947254523987)","266","JACKSON (ANDREW)","19.0","TENNIS COURT","OUTDOOR","-87.58383263","41.77947255","2771.0"
"POINT (-87.58398969508458 41.77951287575195)","267","JACKSON (ANDREW)","19.0","TENNIS COURT","OUTDOOR","-87.5839897","41.77951288","2772.0"
"POINT (-87.58417927164972 41.77922110243813)","268","JACKSON (ANDREW)","19.0","TENNIS COURT","OUTDOOR","-87.58417927","41.7792211","2773.0"
"POINT (-87.58402237030897 41.779166479237944)","269","JACKSON (ANDREW)","19.0","TENNIS COURT","OUTDOOR","-87.58402237","41.77916648","2774.0"
"POINT (-87.58384645853828 41.77910458568456)","270","JACKSON (ANDREW)","19.0","TENNIS COURT","OUTDOOR","-87.58384646","41.77910459","2775.0"
"POINT (-87.58536928278676 41.779518292606426)","271","JACKSON (ANDREW)","19.0","TENNIS COURT","OUTDOOR","-87.58536928","41.77951829","2776.0"
"POINT (-87.58554112906685 41.779519411317104)","272","JACKSON (ANDREW)","19.0","TENNIS COURT","OUTDOOR","-87.58554113","41.77951941","2777.0"
"POINT (-87.57929247754578 41.78641610699018)","273","JACKSON (ANDREW)","19.0","TENNIS COURT","OUTDOOR","-87.57929248","41.78641611","2778.0"
"POINT (-87.57911089695594 41.78642920810828)","274","JACKSON (ANDREW)","19.0","TENNIS COURT","OUTDOOR","-87.5791109","41.78642921","2779.0"
"POINT (-87.57893886492614 41.786442371643645)","275","JACKSON (ANDREW)","19.0","TENNIS COURT","OUTDOOR","-87.57893886","41.78644237","2780.0"
"POINT (-87.57876201661338 41.7864590767899)","276","JACKSON (ANDREW)","19.0","TENNIS COURT","OUTDOOR","-87.57876202","41.78645908","2781.0"
"POINT (-87.57871808879513 41.78613361919161)","277","JACKSON (ANDREW)","19.0","TENNIS COURT","OUTDOOR","-87.57871809","41.78613362","2782.0"
"POINT (-87.57889493622253 41.78611691410473)","278","JACKSON (ANDREW)","19.0","TENNIS COURT","OUTDOOR","-87.57889494","41.78611691","2783.0"
"POINT (-87.5790717835621 41.786100208744784)","279","JACKSON (ANDREW)","19.0","TENNIS COURT","OUTDOOR","-87.57907178","41.78610021","2784.0"
"POINT (-87.57923895782918 41.786094159228604)","280","JACKSON (ANDREW)","19.0","TENNIS COURT","OUTDOOR","-87.57923896","41.78609416","2785.0"
"POINT (-87.57854215986363 41.78647907169662)","281","JACKSON (ANDREW)","19.0","TENNIS COURT","OUTDOOR","-87.57854216","41.78647907","2786.0"
"POINT (-87.5783701683161 41.78648866114183)","282","JACKSON (ANDREW)","19.0","TENNIS COURT","OUTDOOR","-87.57837017","41.78648866","2787.0"
"POINT (-87.57850296552486 41.78615721862333)","283","JACKSON (ANDREW)","19.0","TENNIS COURT","OUTDOOR","-87.57850297","41.78615722","2788.0"
"POINT (-87.57831669507982 41.78616314066401)","284","JACKSON (ANDREW)","19.0","TENNIS COURT","OUTDOOR","-87.5783167","41.78616314","2789.0"
"POINT (-87.63895915461391 41.742207955788395)","286","JACKSON (MAHALIA)","386.0","BASKETBALL COURT","OUTDOOR","-87.63895915","41.74220796","2791.0"
"POINT (-87.63916778466032 41.74209671798979)","287","JACKSON (MAHALIA)","386.0","BASKETBALL COURT","OUTDOOR","-87.63916778","41.74209672","2792.0"
"POINT (-87.63989623487991 41.742867180532)","288","JACKSON (MAHALIA)","386.0","BASEBALL JR/SOFTBALL","OUTDOOR","-87.63989623","41.74286718","2794.0"
"POINT (-87.63942659551294 41.742307207589)","289","JACKSON (MAHALIA)","386.0","BASEBALL JR/SOFTBALL","OUTDOOR","-87.6394266","41.74230721","2795.0"
"POINT (-87.63835523625391 41.74249358811422)","290","JACKSON (MAHALIA)","386.0","TENNIS COURT","OUTDOOR","-87.63835524","41.74249359","2796.0"
"POINT (-87.63846760001331 41.74235498261548)","291","JACKSON (MAHALIA)","386.0","TENNIS COURT","OUTDOOR","-87.6384676","41.74235498","2797.0"
"POINT (-87.62085621614126 41.81589426987937)","292","JACKSON (ROBERT)","1112.0","PLAYGROUND","OUTDOOR","-87.62085622","41.81589427","2798.0"
"POINT (-87.69832130062858 41.96662147357406)","293","JACOB","156.0","PLAYGROUND","OUTDOOR","-87.6983213","41.96662147","2799.0"
"POINT (-87.66109742509268 41.84377774137563)","294","JACOLIK (FLORIAN S.)","1288.0","PLAYGROUND","OUTDOOR","-87.66109743","41.84377774","2800"
"POINT (-87.66262925496216 42.01588130347418)","295","GRIFFIN (MARION MAHONY) BEACH","1257.0","BEACH","OUTDOOR","-87.66262925","42.0158813","2801.0"
"POINT (-87.70448162341523 41.88605719444144)","296","JEFFERSON (NANCY)","338.0","PLAYGROUND","OUTDOOR","-87.70448162","41.88605719","2803.0"
"POINT (-87.64222197617337 41.85898268780036)","297","JEFFERSON (THOMAS)","1113.0","PLAYGROUND","OUTDOOR","-87.64222198","41.85898269","2804.0"
"POINT (-87.76288904395608 41.96862935923908)","298","JEFFERSON (THOMAS) MEML.","94.0","GYMNASIUM","INDOOR","-87.76288904","41.96862936","2805.0"
"POINT (-87.76363764074004 41.96832491537657)","299","JEFFERSON (THOMAS) MEML.","94.0","BASEBALL JR/SOFTBALL","OUTDOOR","-87.76363764","41.96832492","2806.0"
"POINT (-87.76384542957389 41.968707075450176)","300","JEFFERSON (THOMAS) MEML.","94.0","POOL (OUTDOOR)","OUTDOOR","-87.76384543","41.96870708","2807.0"
"POINT (-87.76321543311225 41.968270764243535)","301","JEFFERSON (THOMAS) MEML.","94.0","PLAYGROUND","OUTDOOR","-87.76321543","41.96827076","2808.0"
"POINT (-87.76328315336015 41.968302901949365)","302","JEFFERSON (THOMAS) MEML.","94.0","SPRAY FEATURE","OUTDOOR","-87.76328315","41.9683029","2809.0"
"POINT (-87.7645732115849 41.96804585590399)","303","JEFFERSON (THOMAS) MEML.","94.0","BASEBALL SR","OUTDOOR","-87.76457321","41.96804586","2810.0"
"POINT (-87.76290002998569 41.96793439119272)","304","JEFFERSON (THOMAS) MEML.","94.0","TENNIS COURT","OUTDOOR","-87.76290003","41.96793439","2811.0"
"POINT (-87.76307271267811 41.96794671206735)","305","JEFFERSON (THOMAS) MEML.","94.0","TENNIS COURT","OUTDOOR","-87.76307271","41.96794671","2812.0"
"POINT (-87.76323390271432 41.9679561098644)","306","JEFFERSON (THOMAS) MEML.","94.0","TENNIS COURT","OUTDOOR","-87.7632339","41.96795611","2813.0"
"POINT (-87.76339125298053 41.96796548747253)","307","JEFFERSON (THOMAS) MEML.","94.0","VOLLEYBALL","OUTDOOR","-87.763391253","41.9679654875","2814.0"
"POINT (-87.72123253720174 41.96577494101683)","308","JENSEN (CHRIST)","82.0","BASKETBALL COURT","OUTDOOR","-87.72123254","41.96577494","2815.0"
"POINT (-87.72122241965054 41.96524649304086)","309","JENSEN (CHRIST)","82.0","FOOTBALL/SOCCER COMBO FLD","OUTDOOR","-87.72122242","41.96524649","2816.0"
"POINT (-87.72094670406737 41.96544884993589)","310","JENSEN (CHRIST)","82.0","BASEBALL JR/SOFTBALL","OUTDOOR","-87.7209467","41.96544885","2817.0"
"POINT (-87.7208843243115 41.966171713531956)","311","JENSEN (CHRIST)","82.0","PLAYGROUND","OUTDOOR","-87.72088432","41.96617171","2818.0"
"POINT (-87.720915847506 41.96592791149142)","312","JENSEN (CHRIST)","82.0","SPRAY FEATURE","OUTDOOR","-87.72091585","41.96592791","2819.0"
"POINT (-87.62895738369552 41.866254421366634)","313","JONES (MARY RICHARDSON)","479.0","PLAYGROUND","OUTDOOR","-87.62895738","41.86625442","2820.0"
"POINT (-87.65407203163511 41.92830702638544)","314","JONQUIL","1270.0","BASEBALL JR/SOFTBALL","OUTDOOR","-87.65407203","41.92830703","2821.0"
"POINT (-87.65505530927469 41.9283458759774)","315","JONQUIL","1270.0","PLAYGROUND","OUTDOOR","-87.65505531","41.92834588","2822.0"
"POINT (-87.65541365964417 41.92866475391022)","316","JONQUIL","1270.0","TENNIS COURT","OUTDOOR","-87.65541366","41.92866475","2823.0"
"POINT (-87.65523668988506 41.928665651825234)","317","JONQUIL","1270.0","TENNIS COURT","OUTDOOR","-87.65523669","41.92866565","2824.0"
"POINT (-87.63431843658843 41.77777669239623)","318","JUNCTION GROVE","415.0","PLAYGROUND","OUTDOOR","-87.63431844","41.77777669","2825.0"
"POINT (-87.66682381910276 41.94860649116256)","319","JUNIPER","392.0","PLAYGROUND","OUTDOOR","-87.66682382","41.94860649","2826.0"
"POINT (-87.66696649673314 41.948652871575604)","320","JUNIPER","392.0","SPRAY FEATURE","OUTDOOR","-87.6669665","41.94865287","2827.0"
"POINT (-87.72972952586022 41.906675782753695)","321","KEDVALE","1039.0","ARTIFICIAL TURF JR","OUTDOOR","-87.72972194","41.90659387","2828.0"
"POINT (-87.72999148133717 41.90662539449264)","322","KEDVALE","1039.0","BASKETBALL COURT","OUTDOOR","-87.72999148","41.90662539","2829.0"
"POINT (-87.73047665945954 41.90664495909359)","323","KEDVALE","1039.0","PLAYGROUND","OUTDOOR","-87.73047666","41.90664496","2830.0"
"POINT (-87.73056488455673 41.90676584337921)","324","KEDVALE","1039.0","SPRAY FEATURE","OUTDOOR","-87.73056488","41.90676584","2831.0"
"POINT (-87.7296459035139 41.86482190482135)","325","KEELER (CYRUS)","1114.0","PLAYGROUND","OUTDOOR","-87.7296459","41.8648219","2832.0"
"POINT (-87.70743238911842 41.89484484985403)","326","KELLS (GEORGE)","1040.0","BASEBALL JR/SOFTBALL","OUTDOOR","-87.70743239","41.89484485","2833.0"
"POINT (-87.70753243934593 41.89531796628346)","327","KELLS (GEORGE)","1040.0","PLAYGROUND","OUTDOOR","-87.70753244","41.89531797","2834.0"
"POINT (-87.6937086174143 41.81798356327274)","328","KELLY (EDWARD)","260.0","BASKETBALL COURT","OUTDOOR","-87.69370862","41.81798356","2835.0"
"POINT (-87.69317350540862 41.818193672961776)","329","KELLY (EDWARD)","260.0","BASEBALL SR","OUTDOOR","-87.69317351","41.81819367","2840.0"
"POINT (-87.69305501140067 41.819200094958106)","330","KELLY (EDWARD)","260.0","PLAYGROUND","OUTDOOR","-87.69305501","41.81920009","2841.0"
"POINT (-87.69408305608101 41.81900485159555)","331","KELLY (EDWARD)","260.0","BASEBALL SR","OUTDOOR","-87.69408306","41.81900485","2842.0"
"POINT (-87.65699816200116 41.953482969737514)","332","KELLY (JOHN)","493.0","PLAYGROUND","OUTDOOR","-87.65699816","41.95348297","2843.0"
"POINT (-87.738561350143 41.92917309195922)","333","KELVYN (WILLIAM)","126.0","BASKETBALL COURT","OUTDOOR","-87.73856135","41.92917309","2844.0"
"POINT (-87.7381554682293 41.92971012006553)","334","KELVYN (WILLIAM)","126.0","FOOTBALL/SOCCER COMBO FLD","OUTDOOR","-87.73815547","41.92971012","2845.0"
"POINT (-87.73813639850488 41.92918334875217)","335","KELVYN (WILLIAM)","126.0","FITNESS CENTER","INDOOR","-87.7381364","41.92918335","2846.0"
"POINT (-87.73855890645343 41.92943615444381)","336","KELVYN (WILLIAM)","126.0","BASEBALL JR/SOFTBALL","OUTDOOR","-87.73855891","41.92943615","2847.0"
"POINT (-87.73776906050105 41.92997644411612)","337","KELVYN (WILLIAM)","126.0","BASEBALL JR/SOFTBALL","OUTDOOR","-87.73776906","41.92997644","2848.0"
"POINT (-87.73773493355107 41.92914536521821)","338","KELVYN (WILLIAM)","126.0","PLAYGROUND","OUTDOOR","-87.73773493","41.92914537","2849.0"
"POINT (-87.73720615090492 41.92936923087088)","339","KELVYN (WILLIAM)","126.0","VOLLEYBALL (SAND)","OUTDOOR","-87.73720615","41.92936923","2850.0"
"POINT (-87.73887595440972 41.930376614986194)","340","KELVYN (WILLIAM)","126.0","MINI-PITCH","OUTDOOR","-87.73886835","41.93029471","2851.0"
"POINT (-87.73710886687309 41.93007720637528)","341","KELVYN (WILLIAM)","126.0","SPRAY FEATURE","OUTDOOR","-87.73710887","41.93007721","2852.0"
"POINT (-87.73858577683866 41.930298452401104)","342","KELVYN (WILLIAM)","126.0","TENNIS COURT","OUTDOOR","-87.73858578","41.93029845","2853.0"
"POINT (-87.73841833027781 41.93030018960417)","343","KELVYN (WILLIAM)","126.0","TENNIS COURT","OUTDOOR","-87.73841833","41.93030019","2854.0"
"POINT (-87.65493655147058 41.939320620811806)","344","KENMORE","1115.0","PLAYGROUND","OUTDOOR","-87.65493655","41.93932062","2855.0"
"POINT (-87.68357680095465 41.68680971974577)","345","KENNEDY (DENNIS)","48.0","FOOTBALL/SOCCER COMBO FLD","OUTDOOR","-87.6835768","41.68680972","2856.0"
"POINT (-87.685494144649 41.68764164754891)","346","KENNEDY (DENNIS)","48.0","BASEBALL JR/SOFTBALL","OUTDOOR","-87.68549414","41.68764165","2857.0"
"POINT (-87.68470660239485 41.687738450383776)","347","KENNEDY (DENNIS)","48.0","BASEBALL JR/SOFTBALL","OUTDOOR","-87.6847066","41.68773845","2858.0"
"POINT (-87.68404535441476 41.68712724577484)","348","KENNEDY (DENNIS)","48.0","BASEBALL JR/SOFTBALL","OUTDOOR","-87.68404535","41.68712725","2859.0"
"POINT (-87.68286136369179 41.68714437345748)","349","KENNEDY (DENNIS)","48.0","BASEBALL JR/SOFTBALL","OUTDOOR","-87.68286136","41.68714437","2860.0"
"POINT (-87.68475673351162 41.68670246070124)","350","KENNEDY (DENNIS)","48.0","BASEBALL JR/SOFTBALL","OUTDOOR","-87.68475673","41.68670246","2861.0"
"POINT (-87.68204631351303 41.687110315267816)","351","KENNEDY (DENNIS)","48.0","POOL (OUTDOOR)","OUTDOOR","-87.68204631","41.68711032","2862.0"
"POINT (-87.68221507948024 41.687687077943515)","352","KENNEDY (DENNIS)","48.0","PLAYGROUND","OUTDOOR","-87.68221508","41.68768708","2863.0"
"POINT (-87.68237664917056 41.68700469057964)","353","KENNEDY (DENNIS)","48.0","VOLLEYBALL (SAND)","OUTDOOR","-87.68237665","41.68700469","2864.0"
"POINT (-87.6854618896614 41.686897016997484)","354","KENNEDY (DENNIS)","48.0","BASEBALL SR","OUTDOOR","-87.68546189","41.68689702","2865.0"
"POINT (-87.6818353055518 41.6866840278166)","355","KENNEDY (DENNIS)","48.0","SPORT ROLLER COURT","OUTDOOR","-87.68183531","41.68668403","2866.0"
"POINT (-87.68136505827619 41.68661775793769)","356","KENNEDY (DENNIS)","48.0","TENNIS COURT","OUTDOOR","-87.68136506","41.68661776","2867.0"
"POINT (-87.68154784382719 41.68661283877254)","357","KENNEDY (DENNIS)","48.0","TENNIS COURT","OUTDOOR","-87.68154784","41.68661284","2868.0"
"POINT (-87.68182342556045 41.68657897715605)","358","KENNEDY (DENNIS)","48.0","SPORT ROLLER COURT","OUTDOOR","-87.68182343","41.68657898","2869.0"
"POINT (-87.5973715527083 41.81363933437835)","359","KENNICOTT (JONATHAN)","485.0","FOOTBALL/SOCCER COMBO FLD","OUTDOOR","-87.59737155","41.81363933","2870.0"
"POINT (-87.59725890170867 41.81407602685703)","360","KENNICOTT (JONATHAN)","485.0","FITNESS CENTER","INDOOR","-87.5972589","41.81407603","2871.0"
"POINT (-87.59790031049319 41.814100664113454)","361","KENNICOTT (JONATHAN)","485.0","PLAYGROUND","OUTDOOR","-87.59790031","41.81410066","2872.0"
"POINT (-87.61580323270864 41.679994988112874)","362","KENSINGTON","1041.0","BASKETBALL COURT","OUTDOOR","-87.61580323","41.67999499","2873.0"
"POINT (-87.61524589645092 41.679186627585)","363","KENSINGTON","1041.0","FOOTBALL/SOCCER COMBO FLD","OUTDOOR","-87.6152459","41.67918663","2874.0"
"POINT (-87.61594954270647 41.68010156002429)","364","KENSINGTON","1041.0","HORSESHOE COURT","OUTDOOR","-87.61594954","41.68010156","2875.0"
"POINT (-87.6153381678444 41.67966773664445)","365","KENSINGTON","1041.0","BASEBALL JR/SOFTBALL","OUTDOOR","-87.61533817","41.67966774","2876.0"
"POINT (-87.6159555461837 41.679561019208016)","366","KENSINGTON","1041.0","PLAYGROUND","OUTDOOR","-87.61595555","41.67956102","2877.0"
"POINT (-87.61612132837026 41.67968491224046)","367","KENSINGTON","1041.0","SPRAY FEATURE","OUTDOOR","-87.61612133","41.67968491","2878.0"
"POINT (-87.61563594250148 41.67882678614231)","368","KENSINGTON","1041.0","BASEBALL SR","OUTDOOR","-87.61563594","41.67882679","2879.0"
"POINT (-87.73344179463272 41.93471649757671)","369","KEN-WELL","1042.0","BASKETBALL COURT","OUTDOOR","-87.73344179","41.9347165","2880.0"
"POINT (-87.73333220754812 41.93408197730975)","370","KEN-WELL","1042.0","FOOTBALL/SOCCER COMBO FLD","OUTDOOR","-87.73333221","41.93408198","2881.0"
"POINT (-87.73328041388741 41.93434952629477)","371","KEN-WELL","1042.0","BASEBALL JR/SOFTBALL","OUTDOOR","-87.73328041","41.93434953","2882.0"
"POINT (-87.7335244059623 41.93381545445333)","372","KEN-WELL","1042.0","BASEBALL JR/SOFTBALL","OUTDOOR","-87.73352441","41.93381545","2883.0"
"POINT (-87.73355448214606 41.93500322049673)","373","KEN-WELL","1042.0","PLAYGROUND","OUTDOOR","-87.73355448","41.93500322","2884.0"
"POINT (-87.73379674601928 41.93553367858468)","374","KEN-WELL","1042.0","SPRAY FEATURE","OUTDOOR","-87.73379675","41.93553368","2885.0"
"POINT (-87.59298890907877 41.80487121005662)","375","KENWOOD COMM.","1010.0","FOOTBALL/SOCCER COMBO FLD","OUTDOOR","-87.59298891","41.80487121","2886.0"
"POINT (-87.59324466047684 41.805541873013375)","376","KENWOOD COMM.","1010.0","COMMUNITY GARDEN","OUTDOOR","-87.59324466","41.80554187","2887.0"
"POINT (-87.59354046393032 41.80444802491794)","377","KENWOOD COMM.","1010.0","BASEBALL JR/SOFTBALL","OUTDOOR","-87.59354046","41.80444802","2889.0"
"POINT (-87.59242467683113 41.8047058610228)","378","KENWOOD COMM.","1010.0","BASEBALL JR/SOFTBALL","OUTDOOR","-87.59242468","41.80470586","2890.0"
"POINT (-87.59356738131824 41.80570045170617)","379","KENWOOD COMM.","1010.0","PLAYGROUND","OUTDOOR","-87.59356738","41.80570045","2891.0"
"POINT (-87.59285192146966 41.805541242653284)","380","KENWOOD COMM.","1010.0","SPORT ROLLER COURT","OUTDOOR","-87.59285192","41.80554124","2892.0"
"POINT (-87.59293372810588 41.805870845579946)","381","KENWOOD COMM.","1010.0","SPRAY FEATURE","OUTDOOR","-87.59293373","41.80587085","2893.0"
"POINT (-87.59354538990351 41.80530276904936)","382","KENWOOD COMM.","1010.0","BASEBALL SR","OUTDOOR","-87.59354539","41.80530277","2894.0"
"POINT (-87.5924117002081 41.805319756493745)","383","KENWOOD COMM.","1010.0","BASEBALL SR","OUTDOOR","-87.5924117","41.80531976","2895.0"
"POINT (-87.59214656392349 41.80578626102325)","384","KENWOOD COMM.","1010.0","TENNIS COURT","OUTDOOR","-87.59214656","41.80578626","2896.0"
"POINT (-87.59231783382539 41.80578074030448)","385","KENWOOD COMM.","1010.0","TENNIS COURT","OUTDOOR","-87.59231783","41.80578074","2897.0"
"POINT (-87.7272322521721 41.9115195738421)","386","KEYSTONE","1116.0","PLAYGROUND","OUTDOOR","-87.72723225","41.91151957","2898.0"
"POINT (-87.73854378588877 41.94387551016964)","387","KILBOURN","84.0","MINI-PITCH","OUTDOOR","-87.73854379","41.94387551","2900"
"POINT (-87.73907897778028 41.94543749074606)","388","KILBOURN","84.0","BASKETBALL COURT","OUTDOOR","-87.73907898","41.94543749","2901.0"
"POINT (-87.73852255544463 41.94320172000125)","389","KILBOURN","84.0","FOOTBALL/SOCCER COMBO FLD","OUTDOOR","-87.73852256","41.94320172","2902.0"
"POINT (-87.73815973688333 41.94381768587292)","390","KILBOURN","84.0","COMMUNITY GARDEN","OUTDOOR","-87.73815974","41.94381769","2903.0"
"POINT (-87.73862073289625 41.94470993630937)","391","KILBOURN","84.0","GYMNASIUM","INDOOR","-87.73862073","41.94470994","2904.0"
"POINT (-87.73794202861967 41.94295520076458)","392","KILBOURN","84.0","BASEBALL JR/SOFTBALL","OUTDOOR","-87.73794203","41.9429552","2905.0"
"POINT (-87.73910905749283 41.94489929807662)","393","KILBOURN","84.0","BASEBALL JR/SOFTBALL","OUTDOOR","-87.73910906","41.9448993","2906.0"
"POINT (-87.73896596505898 41.94410273911029)","394","KILBOURN","84.0","PLAYGROUND","OUTDOOR","-87.73896597","41.94410274","2907.0"
"POINT (-87.73910205939256 41.942951847875456)","395","KILBOURN","84.0","BASEBALL SR","OUTDOOR","-87.73910206","41.94295185","2908.0"
"POINT (-87.73918210421752 41.94378553081852)","396","KILBOURN","84.0","TENNIS COURT","OUTDOOR","-87.7391821","41.94378553","2909.0"
"POINT (-87.73884979123024 41.943783810657884)","397","KILBOURN","84.0","TENNIS COURT","OUTDOOR","-87.73884979","41.94378381","2910.0"
"POINT (-87.73933889820285 41.94378166037187)","398","KILBOURN","84.0","TENNIS COURT","OUTDOOR","-87.7393389","41.94378166","2911.0"
"POINT (-87.73901285587367 41.943779973124414)","399","KILBOURN","84.0","TENNIS COURT","OUTDOOR","-87.73901286","41.94377997","2912.0"
"POINT (-87.65450419609287 41.75465177160329)","400","KING (MARTIN LUTHER, JR.)","334.0","PLAYGROUND","OUTDOOR","-87.6545042","41.75465177","2913.0"
"POINT (-87.6543092592374 41.75438241765061)","401","KING (MARTIN LUTHER, JR.)","334.0","SPRAY FEATURE","OUTDOOR","-87.65430926","41.75438242","2914.0"
"POINT (-87.712013530908 41.973562284617906)","402","KIWANIS","42.0","ARTIFICIAL TURF JR","OUTDOOR","-87.71200596","41.97348038","2915.0"
"POINT (-87.67350443952894 41.94622101708305)","403","KLEIN (LOIS)","544.0","PLAYGROUND","OUTDOOR","-87.67350444","41.94622102","2916.0"
"POINT (-87.74139846868009 41.95694782665264)","404","KOLMAR","85.0","BASEBALL JR/SOFTBALL","OUTDOOR","-87.74139847","41.95694783","2917.0"
"POINT (-87.74150904428328 41.956399409293184)","405","KOLMAR","85.0","PLAYGROUND","OUTDOOR","-87.74150904","41.95639941","2918.0"
"POINT (-87.68887738252235 41.99392328185901)","406","KORCZAK (JANUSZ)","1090.0","PLAYGROUND","OUTDOOR","-87.68887738","41.99392328","2919.0"
"POINT (-87.7238149344247 41.93040466646017)","407","KOSCIUSZKO (THADEUZ)","120.0","MINI-PITCH","OUTDOOR","-87.72381493","41.93040467","2921.0"
"POINT (-87.72479247791225 41.9309416691996)","409","KOSCIUSZKO (THADEUZ)","120.0","FOOTBALL/SOCCER COMBO FLD","OUTDOOR","-87.72479248","41.93094167","2923.0"
"POINT (-87.72382518595391 41.93090805102656)","410","KOSCIUSZKO (THADEUZ)","120.0","GYMNASIUM","INDOOR","-87.72382519","41.93090805","2924.0"
"POINT (-87.72381597293452 41.93151141516496)","411","KOSCIUSZKO (THADEUZ)","120.0","POOL (INDOOR)","INDOOR","-87.72381597","41.93151142","2925.0"
"POINT (-87.72525406250423 41.93127054347388)","412","KOSCIUSZKO (THADEUZ)","120.0","BASEBALL JR/SOFTBALL","OUTDOOR","-87.72525406","41.93127054","2926.0"
"POINT (-87.72429642540217 41.93128129845281)","413","KOSCIUSZKO (THADEUZ)","120.0","BASEBALL JR/SOFTBALL","OUTDOOR","-87.72429643","41.9312813","2927.0"
"POINT (-87.72524298640074 41.93057658091647)","414","KOSCIUSZKO (THADEUZ)","120.0","BASEBALL JR/SOFTBALL","OUTDOOR","-87.72524299","41.93057658","2928.0"
"POINT (-87.72429966910336 41.93056894231471)","415","KOSCIUSZKO (THADEUZ)","120.0","BASEBALL JR/SOFTBALL","OUTDOOR","-87.72429967","41.93056894","2929.0"
"POINT (-87.63856688046744 41.961592895972174)","416","LINCOLN (ABRAHAM)","100.0","HARBOR","OUTDOOR","-87.63856688","41.9615929","5504.0"
"POINT (-87.63817579388032 41.944433528631016)","417","LINCOLN (ABRAHAM)","100.0","HARBOR","OUTDOOR","-87.63817579","41.94443353","5505.0"
"POINT (-87.63381357383372 41.931474589460656)","418","LINCOLN (ABRAHAM)","100.0","HARBOR","OUTDOOR","-87.63381357","41.93147459","5506.0"
"POINT (-87.64528023416433 41.96477306327641)","419","LINCOLN (ABRAHAM)","100.0","ARTIFICIAL TURF REG","OUTDOOR","-87.64527275","41.96469115","5507.0"
"POINT (-87.72435953676951 41.93021835000765)","420","KOSCIUSZKO (THADEUZ)","120.0","PLAYGROUND","OUTDOOR","-87.72435954","41.93021835","2930.0"
"POINT (-87.72409354966314 41.930322476179526)","421","KOSCIUSZKO (THADEUZ)","120.0","SPRAY FEATURE","OUTDOOR","-87.72409355","41.93032248","2931.0"
"POINT (-87.72355298429274 41.930319606641724)","422","KOSCIUSZKO (THADEUZ)","120.0","TENNIS COURT","OUTDOOR","-87.72355298","41.93031961","2932.0"
"POINT (-87.53675568231277 41.702906571779906)","423","KRAUSE (FRANCIS VERNON)","1079.0","PLAYGROUND","OUTDOOR","-87.53675568","41.70290657","2933.0"
"POINT (-87.53686304571022 41.7029108823053)","424","KRAUSE (FRANCIS VERNON)","1079.0","SPRAY FEATURE","OUTDOOR","-87.53686305","41.70291088","2934.0"
"POINT (-87.66655302208407 41.83302641084209)","425","KUCINSKI-MURPHY (VICKI, ROSEBETH)","1062.0","PLAYGROUND","OUTDOOR","-87.66655302","41.83302641","2935.0"
"POINT (-87.66629584101715 41.833107213029976)","426","KUCINSKI-MURPHY (VICKI, ROSEBETH)","1062.0","SPRAY FEATURE","OUTDOOR","-87.66629584","41.83310721","2936.0"
"POINT (-87.75416450097094 41.905608200270066)","427","LA FOLLETTE (ROBERT)","201.0","BASKETBALL COURT","OUTDOOR","-87.7541645","41.9056082","2937.0"
"POINT (-87.75338543127364 41.90507518051382)","428","LA FOLLETTE (ROBERT)","201.0","ARTIFICIAL TURF REG","OUTDOOR","-87.75337781","41.90499327","2938.0"
"POINT (-87.75505750430054 41.904855459989065)","429","LA FOLLETTE (ROBERT)","201.0","FITNESS CENTER","INDOOR","-87.7550575","41.90485546","2939.0"
"POINT (-87.75509771915311 41.90504896526886)","430","LA FOLLETTE (ROBERT)","201.0","GYMNASIUM","INDOOR","-87.75509772","41.90504897","2940.0"
"POINT (-87.75511789737469 41.905137881707844)","431","LA FOLLETTE (ROBERT)","201.0","POOL (INDOOR)","INDOOR","-87.7551179","41.90513788","2941.0"
"POINT (-87.75130215791273 41.90457350979534)","432","LA FOLLETTE (ROBERT)","201.0","PLAYGROUND","OUTDOOR","-87.75130216","41.90457351","2942.0"
"POINT (-87.75482991109635 41.90558274901482)","433","LA FOLLETTE (ROBERT)","201.0","PLAYGROUND","OUTDOOR","-87.75482991","41.90558275","2943.0"
"POINT (-87.75442258560729 41.90436992405654)","434","LA FOLLETTE (ROBERT)","201.0","TENNIS COURT","OUTDOOR","-87.75442259","41.90436992","2944.0"
"POINT (-87.7533720581035 41.90466477632178)","435","LA FOLLETTE (ROBERT)","201.0","TRACK","OUTDOOR","-87.75337206","41.90466478","2947.0"
"POINT (-87.75158374026852 41.904469313411425)","436","LA FOLLETTE (ROBERT)","201.0","WATER PLAYGROUND","OUTDOOR","-87.75158374","41.90446931","2948.0"
"POINT (-87.61248583133859 41.83750749687444)","437","LAKE MEADOWS","263.0","BASKETBALL COURT","OUTDOOR","-87.61248583","41.8375075","2949.0"
"POINT (-87.61270818906029 41.83756662420316)","438","LAKE MEADOWS","263.0","BASKETBALL COURT","OUTDOOR","-87.61270819","41.83756662","2950.0"
"POINT (-87.61156231504 41.83706867636269)","439","LAKE MEADOWS","263.0","FOOTBALL/SOCCER COMBO FLD","OUTDOOR","-87.61156232","41.83706868","2951.0"
"POINT (-87.61189033260332 41.837449233884)","440","LAKE MEADOWS","263.0","BASEBALL JR/SOFTBALL","OUTDOOR","-87.61189033","41.83744923","2952.0"
"POINT (-87.6114603592706 41.83792763160391)","441","LAKE MEADOWS","263.0","PLAYGROUND","OUTDOOR","-87.61146036","41.83792763","2953.0"
"POINT (-87.61983990273623 41.89723193957217)","442","LAKE SHORE","107.0","TENNIS COURT","OUTDOOR","-87.6198399","41.89723194","2954.0"
"POINT (-87.61999620900244 41.897228046129015)","443","LAKE SHORE","107.0","TENNIS COURT","OUTDOOR","-87.61999621","41.89722805","2955.0"
"POINT (-87.6178350507796 41.897136041738214)","444","LAKE SHORE","107.0","FITNESS CENTER","INDOOR","-87.61783505","41.89713604","2956.0"
"POINT (-87.61788462811307 41.897274818935024)","445","LAKE SHORE","107.0","GYMNASIUM","INDOOR","-87.61788463","41.89727482","2957.0"
"POINT (-87.61853910454207 41.897107102217845)","446","LAKE SHORE","107.0","BASEBALL JR/SOFTBALL","OUTDOOR","-87.6185391","41.8971071","2958.0"
"POINT (-87.6195843685862 41.897376286365116)","447","LAKE SHORE","107.0","BASEBALL JR/SOFTBALL","OUTDOOR","-87.61958437","41.89737629","2959.0"
"POINT (-87.61785148481606 41.897462791962155)","448","LAKE SHORE","107.0","PLAYGROUND","OUTDOOR","-87.61785148","41.89746279","2960.0"
"POINT (-87.61822932748575 41.897390049312364)","449","LAKE SHORE","107.0","TRACK","OUTDOOR","-87.61822933","41.89739005","2961.0"
"POINT (-87.65771075001958 41.6960390179794)","450","LAMB (HAROLD)","446.0","BASKETBALL COURT","OUTDOOR","-87.65771075","41.69603902","2962.0"
"POINT (-87.65730308420204 41.69619882843945)","451","LAMB (HAROLD)","446.0","PLAYGROUND","OUTDOOR","-87.65730308","41.69619883","2963.0"
"POINT (-87.65424946466051 41.98975321843523)","452","LANE (GEORGE) BEACH","1265.0","BEACH","OUTDOOR","-87.65424946","41.98975322","2965.0"
"POINT (-87.65498908478895 41.98991047538984)","453","LANE (GEORGE) BEACH","1265.0","PLAYGROUND","OUTDOOR","-87.65498908","41.98991048","2966.0"
"POINT (-87.67487408617639 42.00188401188047)","454","LANGDON (MARY MARGARET)","1077.0","PLAYGROUND","OUTDOOR","-87.67487409","42.00188401","2967.0"
"POINT (-87.60555529603167 41.689641834180435)","455","LANGLEY","1118.0","BASKETBALL COURT","OUTDOOR","-87.6055553","41.68964183","2968.0"
"POINT (-87.60571308922593 41.689356146737424)","456","LANGLEY","1118.0","PLAYGROUND","OUTDOOR","-87.60571309","41.68935615","2969.0"
"POINT (-87.75235724788222 41.77677872347168)","464","LAWLER (MICHAEL)","1011.0","PLAYGROUND","OUTDOOR","-87.75235725","41.77677872","2977.0"
"POINT (-87.75238206211931 41.776588657148665)","465","LAWLER (MICHAEL)","1011.0","SPRAY FEATURE","OUTDOOR","-87.75238206","41.77658866","2978.0"
"POINT (-87.66319003470852 42.00417767382369)","466","LAZARUS (EMMA)","450.0","PLAYGROUND","OUTDOOR","-87.66319003","42.00417767","2979.0"
"POINT (-87.74997677125765 41.81371680162387)","467","LE CLAIRE COURTS - HEARST COMM. CTR.","305.0","FOOTBALL/SOCCER COMBO FLD","OUTDOOR","-87.74997677","41.8137168","2980.0"
"POINT (-87.74924595283441 41.81373226722453)","468","LE CLAIRE COURTS - HEARST COMM. CTR.","305.0","FOOTBALL/SOCCER COMBO FLD","OUTDOOR","-87.74924595","41.81373227","2981.0"
"POINT (-87.75131339257902 41.81333519013584)","469","LE CLAIRE COURTS - HEARST COMM. CTR.","305.0","GYMNASIUM","INDOOR","-87.75131339","41.81333519","2982.0"
"POINT (-87.75282046354084 41.81317628329898)","470","LE CLAIRE COURTS - HEARST COMM. CTR.","305.0","BASKETBALL COURT","OUTDOOR","-87.75282046","41.81317628","2983.0"
"POINT (-87.75035532525618 41.81354971907765)","471","LE CLAIRE COURTS - HEARST COMM. CTR.","305.0","BASEBALL JR/SOFTBALL","OUTDOOR","-87.75035533","41.81354972","2984.0"
"POINT (-87.74926630516985 41.81338786501621)","472","LE CLAIRE COURTS - HEARST COMM. CTR.","305.0","BASEBALL JR/SOFTBALL","OUTDOOR","-87.74926631","41.81338787","2985.0"
"POINT (-87.75080610911772 41.812804591309266)","473","LE CLAIRE COURTS - HEARST COMM. CTR.","305.0","PLAYGROUND","OUTDOOR","-87.75080611","41.81280459","2986.0"
"POINT (-87.75229104065306 41.81323222766029)","474","LE CLAIRE COURTS - HEARST COMM. CTR.","305.0","TENNIS COURT","OUTDOOR","-87.75229104","41.81323223","2987.0"
"POINT (-87.7521147420052 41.81323133576212)","475","LE CLAIRE COURTS - HEARST COMM. CTR.","305.0","TENNIS COURT","OUTDOOR","-87.75211474","41.81323134","2988.0"
"POINT (-87.71446370138752 41.73526552004364)","476","LEE (JOHN)","1286.0","PLAYGROUND","OUTDOOR","-87.7144637","41.73526552","2989.0"
"POINT (-87.70819826964502 41.98905745066383)","477","LEGION","274.0","BASKETBALL COURT","OUTDOOR","-87.70819827","41.98905745","2990.0"
"POINT (-87.70795351815076 41.98909325958032)","478","LEGION","274.0","BASKETBALL COURT","OUTDOOR","-87.70795352","41.98909326","2991.0"
"POINT (-87.707924096146 41.98411082826368)","479","LEGION","274.0","FOOTBALL/SOCCER COMBO FLD","OUTDOOR","-87.7079241","41.98411083","2992.0"
"POINT (-87.70589969063636 41.98210396254836)","480","LEGION","274.0","FOOTBALL/SOCCER COMBO FLD","OUTDOOR","-87.70589969","41.98210396","2993.0"
"POINT (-87.70599115647228 41.981641521051685)","481","LEGION","274.0","BASEBALL JR/SOFTBALL","OUTDOOR","-87.70599116","41.98164152","2994.0"
"POINT (-87.70630352446233 41.98260366395277)","482","LEGION","274.0","BASEBALL JR/SOFTBALL","OUTDOOR","-87.70630352","41.98260366","2995.0"
"POINT (-87.70538422027391 41.98113769339254)","483","LEGION","274.0","PLAYGROUND","OUTDOOR","-87.70538422","41.98113769","2996.0"
"POINT (-87.70667367236742 41.98460772164862)","484","LEGION","274.0","PLAYGROUND","OUTDOOR","-87.70667367","41.98460772","2997.0"
"POINT (-87.70830512889056 41.98510359846737)","485","LEGION","274.0","PLAYGROUND","OUTDOOR","-87.70830513","41.9851036","2998.0"
"POINT (-87.70791321919516 41.9885865603839)","486","LEGION","274.0","PLAYGROUND","OUTDOOR","-87.70791322","41.98858656","2999.0"
"POINT (-87.70514185234752 41.98026795229568)","487","LEGION","274.0","SPORT ROLLER COURT","OUTDOOR","-87.70514185","41.98026795","3000"
"POINT (-87.7091024140217 41.98816848028458)","488","LEGION","274.0","TENNIS COURT","OUTDOOR","-87.70910241","41.98816848","3001.0"
"POINT (-87.7092660215034 41.98812540604664)","489","LEGION","274.0","TENNIS COURT","OUTDOOR","-87.70926602","41.98812541","3002.0"
"POINT (-87.6408523233751 41.75693859802839)","490","LELAND GIANTS","395.0","BASKETBALL COURT","OUTDOOR","-87.64085232","41.7569386","3003.0"
"POINT (-87.64139939274028 41.75745080790083)","491","LELAND GIANTS","395.0","PLAYGROUND","OUTDOOR","-87.64139939","41.75745081","3004.0"
"POINT (-87.66156823557662 42.013133862491706)","492","LEONE (SAM) BEACH","1013.0","BEACH","OUTDOOR","-87.66156824","42.01313386","3005.0"
"POINT (-87.66253502099038 42.0131642905361)","493","LEONE (SAM) BEACH","1013.0","GYMNASIUM","INDOOR","-87.66253502","42.01316429","3006.0"
"POINT (-87.66316226323218 42.01318997713921)","494","LEONE (SAM) BEACH","1013.0","PLAYGROUND","OUTDOOR","-87.66316226","42.01318998","3007.0"
"POINT (-87.7053199378881 42.007385977982956)","495","LERNER (LEO)","273.0","BASKETBALL COURT","OUTDOOR","-87.70531994","42.00738598","3008.0"
"POINT (-87.70502059336722 42.00737958885555)","496","LERNER (LEO)","273.0","BASKETBALL COURT","OUTDOOR","-87.70502059","42.00737959","3009.0"
"POINT (-87.70521962028091 42.0078700481523)","497","LERNER (LEO)","273.0","PLAYGROUND","OUTDOOR","-87.70521962","42.00787005","3010.0"
"POINT (-87.70500803555824 42.00703743642336)","498","LERNER (LEO)","273.0","TENNIS COURT","OUTDOOR","-87.70500804","42.00703744","3011.0"
"POINT (-87.70484239236484 42.00703890465777)","499","LERNER (LEO)","273.0","TENNIS COURT","OUTDOOR","-87.70484239","42.0070389","3012.0"
"POINT (-87.76250322411056 41.88818317671676)","500","LEVIN (JOHN)","1220.0","BASKETBALL COURT","OUTDOOR","-87.76250322","41.88818318","3013.0"
"POINT (-87.76100238332747 41.88854970583537)","501","LEVIN (JOHN)","1220.0","BASEBALL JR/SOFTBALL","OUTDOOR","-87.76100238","41.88854971","3014.0"
"POINT (-87.76250044960436 41.88849482879291)","502","LEVIN (JOHN)","1220.0","PLAYGROUND","OUTDOOR","-87.76250045","41.88849483","3015.0"
"POINT (-87.76194100837702 41.88842080884887)","503","LEVIN (JOHN)","1220.0","SPRAY FEATURE","OUTDOOR","-87.76194101","41.88842081","3016.0"
"POINT (-87.6397593993084 41.76241685094914)","504","LILY GARDENS","1218.0","PLAYGROUND","OUTDOOR","-87.6397594","41.76241685","3017.0"
"POINT (-87.71159618442856 41.84750178742679)","505","LIMAS (JULIANN HOPE)","1066.0","PLAYGROUND","OUTDOOR","-87.71159618","41.84750179","3018.0"
"POINT (-87.71146769374168 41.8476514056467)","506","LIMAS (JULIANN HOPE)","1066.0","SPRAY FEATURE","OUTDOOR","-87.71146769","41.84765141","3019.0"
"POINT (-87.6269017715887 41.858050743838376)","507","LIN (MARGARET HIE DING)","360.0","BASKETBALL COURT","OUTDOOR","-87.62690177","41.85805074","3020.0"
"POINT (-87.63269442281938 41.934107179729985)","508","LINCOLN (ABRAHAM)","100.0","TENNIS COURT","OUTDOOR","-87.63269442","41.93410718","3021.0"
"POINT (-87.63411415516154 41.92525447571636)","509","LINCOLN (ABRAHAM)","100.0","ALFRED CALDWELL LILY POND","SPECIAL","-87.63411416","41.92525448","3022.0"
"POINT (-87.64510027209063 41.96359407960714)","510","LINCOLN (ABRAHAM)","100.0","ARTIFICIAL TURF REG","OUTDOOR","-87.64509279","41.96351217","3023.0"
"POINT (-87.64863183433147 41.9757967349526)","511","LINCOLN (ABRAHAM)","100.0","ARTIFICIAL TURF REG","OUTDOOR","-87.64862434","41.97571482","3024.0"
"POINT (-87.62912137391166 41.915823642080575)","512","LINCOLN (ABRAHAM)","100.0","ARTIFICIAL TURF JR","OUTDOOR","-87.62911391","41.91574173","3025.0"
"POINT (-87.64800059620626 41.97576946351261)","513","LINCOLN (ABRAHAM)","100.0","ARTIFICIAL TURF JR","OUTDOOR","-87.6479931","41.97568755","3026.0"
"POINT (-87.65005617859859 41.97774937947618)","514","LINCOLN (ABRAHAM)","100.0","BASKETBALL COURT","OUTDOOR","-87.65005618","41.97774938","3027.0"
"POINT (-87.63008249377667 41.91597634926306)","515","LINCOLN (ABRAHAM)","100.0","BASKETBALL COURT","OUTDOOR","-87.63008249","41.91597635","3028.0"
"POINT (-87.61298549922797 41.89343568978286)","516","LINCOLN (ABRAHAM)","100.0","BEACH","OUTDOOR","-87.6129855","41.89343569","3029.0"
"POINT (-87.62474971372217 41.91448425762321)","517","LINCOLN (ABRAHAM)","100.0","BEACH","OUTDOOR","-87.62474971","41.91448426","3030.0"
"POINT (-87.63587301656811 41.9654983132016)","518","LINCOLN (ABRAHAM)","100.0","BEACH","OUTDOOR","-87.63587302","41.96549831","3031.0"
"POINT (-87.64944622891089 41.97847337980213)","519","LINCOLN (ABRAHAM)","100.0","BEACH","OUTDOOR","-87.64944623","41.97847338","3032.0"
"POINT (-87.6517416346087 41.98602593303344)","520","LINCOLN (ABRAHAM)","100.0","BEACH","OUTDOOR","-87.65174163","41.98602593","3033.0"
"POINT (-87.62279355071621 41.902890037424356)","521","LINCOLN (ABRAHAM)","100.0","BEACH","OUTDOOR","-87.62279355","41.90289004","3034.0"
"POINT (-87.63287269843845 41.926608644204364)","522","LINCOLN (ABRAHAM)","100.0","BOAT LAUNCH MOTORIZED","OUTDOOR","-87.6328727","41.92660864","3035.0"
"POINT (-87.63504008508065 41.93082710750669)","523","LINCOLN (ABRAHAM)","100.0","BOAT LAUNCH MOTORIZED","OUTDOOR","-87.63504009","41.93082711","3036.0"
"POINT (-87.6333669444093 41.919240892822195)","524","LINCOLN (ABRAHAM)","100.0","CASTING PIER","OUTDOOR","-87.63336694","41.91924089","3037.0"
"POINT (-87.64359119099166 41.96501740915423)","525","LINCOLN (ABRAHAM)","100.0","FOOTBALL/SOCCER COMBO FLD","OUTDOOR","-87.64359119","41.96501741","3038.0"
"POINT (-87.64440995618997 41.96473188240224)","526","LINCOLN (ABRAHAM)","100.0","FOOTBALL/SOCCER COMBO FLD","OUTDOOR","-87.64440996","41.96473188","3039.0"
"POINT (-87.62890447239948 41.914073115698066)","527","LINCOLN (ABRAHAM)","100.0","FOOTBALL/SOCCER COMBO FLD","OUTDOOR","-87.62890447","41.91407312","3040.0"
"POINT (-87.64253932520239 41.95155100239589)","528","LINCOLN (ABRAHAM)","100.0","FOOTBALL/SOCCER COMBO FLD","OUTDOOR","-87.64253933","41.951551","3041.0"
"POINT (-87.63529868917675 41.9243687430063)","529","LINCOLN (ABRAHAM)","100.0","CONSERVATORY","SPECIAL","-87.63529869","41.92436874","3042.0"
"POINT (-87.64913847914598 41.96996592697372)","530","LINCOLN (ABRAHAM)","100.0","DOG FRIENDLY AREA","OUTDOOR","-87.64913848","41.96996593","3043.0"
"POINT (-87.64304350278763 41.96887387128841)","531","LINCOLN (ABRAHAM)","100.0","DOG FRIENDLY AREA","OUTDOOR","-87.6430435","41.96887387","3044.0"
"POINT (-87.6351934814854 41.92276161805728)","532","LINCOLN (ABRAHAM)","100.0","GARDEN","OUTDOOR","-87.63519348","41.92276162","3045.0"
"POINT (-87.64120612899055 41.95226692433669)","533","LINCOLN (ABRAHAM)","100.0","GOLF COURSE","OUTDOOR","-87.64120613","41.95226692","3046.0"
"POINT (-87.63471095163368 41.934113616079046)","534","LINCOLN (ABRAHAM)","100.0","GOLF DRIVING RANGE","OUTDOOR","-87.63471095","41.93411362","3047.0"
"POINT (-87.62837111517366 41.91330046373721)","535","LINCOLN (ABRAHAM)","100.0","BASEBALL JR/SOFTBALL","OUTDOOR","-87.62837112","41.91330046","3048.0"
"POINT (-87.62807568075198 41.91404330324147)","536","LINCOLN (ABRAHAM)","100.0","BASEBALL JR/SOFTBALL","OUTDOOR","-87.62807568","41.9140433","3049.0"
"POINT (-87.62971477738672 41.91404073799042)","537","LINCOLN (ABRAHAM)","100.0","BASEBALL JR/SOFTBALL","OUTDOOR","-87.62971478","41.91404074","3050.0"
"POINT (-87.62823631094837 41.91480156510431)","538","LINCOLN (ABRAHAM)","100.0","BASEBALL JR/SOFTBALL","OUTDOOR","-87.62823631","41.91480157","3051.0"
"POINT (-87.62941783069532 41.91492240505882)","539","LINCOLN (ABRAHAM)","100.0","BASEBALL JR/SOFTBALL","OUTDOOR","-87.62941783","41.91492241","3052.0"
"POINT (-87.64309426201328 41.951002663059334)","540","LINCOLN (ABRAHAM)","100.0","BASEBALL JR/SOFTBALL","OUTDOOR","-87.64309426","41.95100266","3053.0"
"POINT (-87.6418002490976 41.951152096208766)","541","LINCOLN (ABRAHAM)","100.0","BASEBALL JR/SOFTBALL","OUTDOOR","-87.64180025","41.9511521","3054.0"
"POINT (-87.64216254534347 41.952176210390874)","542","LINCOLN (ABRAHAM)","100.0","BASEBALL JR/SOFTBALL","OUTDOOR","-87.64216255","41.95217621","3055.0"
"POINT (-87.64344877833612 41.951862359606736)","543","LINCOLN (ABRAHAM)","100.0","BASEBALL JR/SOFTBALL","OUTDOOR","-87.64344878","41.95186236","3056.0"
"POINT (-87.6468499123742 41.96751006218056)","544","LINCOLN (ABRAHAM)","100.0","BASEBALL JR/SOFTBALL","OUTDOOR","-87.64684991","41.96751006","3057.0"
"POINT (-87.6453777733328 41.967979595457194)","545","LINCOLN (ABRAHAM)","100.0","BASEBALL JR/SOFTBALL","OUTDOOR","-87.64537777","41.9679796","3058.0"
"POINT (-87.64575752586333 41.96842832556303)","546","LINCOLN (ABRAHAM)","100.0","BASEBALL JR/SOFTBALL","OUTDOOR","-87.64575753","41.96842833","3059.0"
"POINT (-87.6461206436368 41.96910018276894)","547","LINCOLN (ABRAHAM)","100.0","BASEBALL JR/SOFTBALL","OUTDOOR","-87.64612064","41.96910018","3060.0"
"POINT (-87.6468030747711 41.96789245804632)","548","LINCOLN (ABRAHAM)","100.0","BASEBALL JR/SOFTBALL","OUTDOOR","-87.64680307","41.96789246","3061.0"
"POINT (-87.64997548078466 41.973175165632796)","549","LINCOLN (ABRAHAM)","100.0","BASEBALL JR/SOFTBALL","OUTDOOR","-87.64997548","41.97317517","3062.0"
"POINT (-87.63450883737467 41.93390839245558)","550","LINCOLN (ABRAHAM)","100.0","GOLF PUTTING GREEN","OUTDOOR","-87.63450884","41.93390839","3063.0"
"POINT (-87.63599664956243 41.92088324297315)","551","LINCOLN (ABRAHAM)","100.0","PLAYGROUND","OUTDOOR","-87.63599665","41.92088324","3064.0"
"POINT (-87.63804094889416 41.93005570079118)","552","LINCOLN (ABRAHAM)","100.0","PLAYGROUND","OUTDOOR","-87.63804095","41.9300557","3065.0"
"POINT (-87.63687191680077 41.93817393683071)","553","LINCOLN (ABRAHAM)","100.0","PLAYGROUND","OUTDOOR","-87.63687192","41.93817394","3066.0"
"POINT (-87.64389513308642 41.95326215765945)","554","LINCOLN (ABRAHAM)","100.0","PLAYGROUND","OUTDOOR","-87.64389513","41.95326216","3067.0"
"POINT (-87.6459030096839 41.96345946971495)","555","LINCOLN (ABRAHAM)","100.0","PLAYGROUND","OUTDOOR","-87.64590301","41.96345947","3068.0"
"POINT (-87.64681750021218 41.97052875731099)","556","LINCOLN (ABRAHAM)","100.0","PLAYGROUND","OUTDOOR","-87.6468175","41.97052876","3069.0"
"POINT (-87.64959655716409 41.972639844200344)","557","LINCOLN (ABRAHAM)","100.0","PLAYGROUND","OUTDOOR","-87.64959656","41.97263984","3070.0"
"POINT (-87.65358749581353 41.984788649930145)","558","LINCOLN (ABRAHAM)","100.0","PLAYGROUND","OUTDOOR","-87.6535875","41.98478865","3071.0"
"POINT (-87.63411230073827 41.934072853938424)","559","LINCOLN (ABRAHAM)","100.0","PLAYGROUND","OUTDOOR","-87.6341123","41.93407285","3072.0"
"POINT (-87.63187807463996 41.923643411174595)","560","LINCOLN (ABRAHAM)","100.0","ROWING CLUB","SPECIAL","-87.63187807","41.92364341","3073.0"
"POINT (-87.64601428904261 41.966701263770744)","561","LINCOLN (ABRAHAM)","100.0","SKATE PARK","OUTDOOR","-87.64601429","41.96670126","3074.0"
"POINT (-87.62650651989047 41.91495628107999)","562","LINCOLN (ABRAHAM)","100.0","SPORT ROLLER COURT","OUTDOOR","-87.62650652","41.91495628","3075.0"
"POINT (-87.6488164860589 41.97762145951509)","563","LINCOLN (ABRAHAM)","100.0","SPRAY FEATURE","OUTDOOR","-87.64881649","41.97762146","3076.0"
"POINT (-87.63269799169728 41.93378109852622)","564","LINCOLN (ABRAHAM)","100.0","TENNIS COURT","OUTDOOR","-87.63269799","41.9337811","3077.0"
"POINT (-87.63287483658355 41.93377441306678)","565","LINCOLN (ABRAHAM)","100.0","TENNIS COURT","OUTDOOR","-87.63287484","41.93377441","3078.0"
"POINT (-87.63306207921008 41.933767791651654)","566","LINCOLN (ABRAHAM)","100.0","TENNIS COURT","OUTDOOR","-87.63306208","41.93376779","3079.0"
"POINT (-87.63322835523185 41.93377656921546)","567","LINCOLN (ABRAHAM)","100.0","TENNIS COURT","OUTDOOR","-87.63322836","41.93377657","3080.0"
"POINT (-87.6328919793301 41.934108385094724)","568","LINCOLN (ABRAHAM)","100.0","TENNIS COURT","OUTDOOR","-87.63289198","41.93410839","3081.0"
"POINT (-87.63306873896936 41.93410946328198)","569","LINCOLN (ABRAHAM)","100.0","TENNIS COURT","OUTDOOR","-87.63306874","41.93410946","3082.0"
"POINT (-87.63326638040873 41.934102904056665)","570","LINCOLN (ABRAHAM)","100.0","TENNIS COURT","OUTDOOR","-87.63326638","41.9341029","3083.0"
"POINT (-87.6329089511357 41.934457884084544)","571","LINCOLN (ABRAHAM)","100.0","TENNIS COURT","OUTDOOR","-87.63290895","41.93445788","3084.0"
"POINT (-87.6330857129463 41.93445896226028)","572","LINCOLN (ABRAHAM)","100.0","TENNIS COURT","OUTDOOR","-87.63308571","41.93445896","3085.0"
"POINT (-87.64302839779334 41.95000891976822)","573","LINCOLN (ABRAHAM)","100.0","TENNIS COURT","OUTDOOR","-87.6430284","41.95000892","3086.0"
"POINT (-87.64284613466174 41.95004355604447)","574","LINCOLN (ABRAHAM)","100.0","TENNIS COURT","OUTDOOR","-87.64284613","41.95004356","3087.0"
"POINT (-87.64267336493502 41.95008539505783)","575","LINCOLN (ABRAHAM)","100.0","TENNIS COURT","OUTDOOR","-87.64267336","41.9500854","3088.0"
"POINT (-87.64251966413866 41.950134494467235)","576","LINCOLN (ABRAHAM)","100.0","TENNIS COURT","OUTDOOR","-87.64251966","41.95013449","3089.0"
"POINT (-87.64233747636058 41.95016198356995)","577","LINCOLN (ABRAHAM)","100.0","TENNIS COURT","OUTDOOR","-87.64233748","41.95016198","3090.0"
"POINT (-87.64245852492556 41.95047715311141)","578","LINCOLN (ABRAHAM)","100.0","TENNIS COURT","OUTDOOR","-87.64245852","41.95047715","3091.0"
"POINT (-87.6426217226506 41.950435256840116)","579","LINCOLN (ABRAHAM)","100.0","TENNIS COURT","OUTDOOR","-87.64262172","41.95043526","3092.0"
"POINT (-87.64279433789693 41.95040770971392)","580","LINCOLN (ABRAHAM)","100.0","TENNIS COURT","OUTDOOR","-87.64279434","41.95040771","3093.0"
"POINT (-87.64296695299798 41.950380162326944)","581","LINCOLN (ABRAHAM)","100.0","TENNIS COURT","OUTDOOR","-87.64296695","41.95038016","3094.0"
"POINT (-87.6431397233372 41.95033832287843)","582","LINCOLN (ABRAHAM)","100.0","TENNIS COURT","OUTDOOR","-87.64313972","41.95033832","3095.0"
"POINT (-87.64317583117136 41.95249317360476)","583","LINCOLN (ABRAHAM)","100.0","TENNIS COURT","OUTDOOR","-87.64317583","41.95249317","3096.0"
"POINT (-87.64333895653358 41.95245842181489)","584","LINCOLN (ABRAHAM)","100.0","TENNIS COURT","OUTDOOR","-87.64333896","41.95245842","3097.0"
"POINT (-87.64349250821321 41.952423613169344)","585","LINCOLN (ABRAHAM)","100.0","TENNIS COURT","OUTDOOR","-87.64349251","41.95242361","3098.0"
"POINT (-87.64365563323152 41.95238886092649)","586","LINCOLN (ABRAHAM)","100.0","TENNIS COURT","OUTDOOR","-87.64365563","41.95238886","3099.0"
"POINT (-87.643818604029 41.95236840115565)","587","LINCOLN (ABRAHAM)","100.0","TENNIS COURT","OUTDOOR","-87.6438186","41.9523684","3100"
"POINT (-87.64329688813551 41.95280834219858)","588","LINCOLN (ABRAHAM)","100.0","TENNIS COURT","OUTDOOR","-87.64329689","41.95280834","3101.0"
"POINT (-87.64345051775491 41.95276638636597)","589","LINCOLN (ABRAHAM)","100.0","TENNIS COURT","OUTDOOR","-87.64345052","41.95276639","3102.0"
"POINT (-87.64360391603053 41.9527458693816)","590","LINCOLN (ABRAHAM)","100.0","TENNIS COURT","OUTDOOR","-87.64360392","41.95274587","3103.0"
"POINT (-87.6437766153566 41.95271117448815)","591","LINCOLN (ABRAHAM)","100.0","TENNIS COURT","OUTDOOR","-87.64377662","41.95271117","3104.0"
"POINT (-87.64393966274473 41.95268356819285)","592","LINCOLN (ABRAHAM)","100.0","TENNIS COURT","OUTDOOR","-87.64393966","41.95268357","3105.0"
"POINT (-87.67523603578486 41.78318809470222)","593","LINDBLOM (ROBERT)","243.0","BASKETBALL COURT","OUTDOOR","-87.67523604","41.78318809","3106.0"
"POINT (-87.67524169840154 41.78339874749742)","594","LINDBLOM (ROBERT)","243.0","BASKETBALL COURT","OUTDOOR","-87.6752417","41.78339875","3107.0"
"POINT (-87.67473554763359 41.783375299912336)","595","LINDBLOM (ROBERT)","243.0","FITNESS CENTER","INDOOR","-87.67473555","41.7833753","3109.0"
"POINT (-87.67458798148456 41.78336863844674)","596","LINDBLOM (ROBERT)","243.0","GYMNASIUM","INDOOR","-87.67458798","41.78336864","3110.0"
"POINT (-87.6756497282969 41.78477596319591)","597","LINDBLOM (ROBERT)","243.0","BASEBALL JR/SOFTBALL","OUTDOOR","-87.67564973","41.78477596","3111.0"
"POINT (-87.67441460831023 41.78478058666102)","598","LINDBLOM (ROBERT)","243.0","BASEBALL JR/SOFTBALL","OUTDOOR","-87.67441461","41.78478059","3112.0"
"POINT (-87.674369117468 41.78387934112873)","599","LINDBLOM (ROBERT)","243.0","BASEBALL JR/SOFTBALL","OUTDOOR","-87.67436912","41.78387934","3113.0"
"POINT (-87.67563554635592 41.7838690468591)","600","LINDBLOM (ROBERT)","243.0","BASEBALL JR/SOFTBALL","OUTDOOR","-87.67563555","41.78386905","3114.0"
"POINT (-87.67460423463388 41.78305576237897)","601","LINDBLOM (ROBERT)","243.0","POOL (OUTDOOR)","OUTDOOR","-87.67460423","41.78305576","3115.0"
"POINT (-87.6744755515839 41.78264548563713)","602","LINDBLOM (ROBERT)","243.0","PLAYGROUND","OUTDOOR","-87.67447555","41.78264549","3116.0"
"POINT (-87.67549470719253 41.78235294790531)","603","LINDBLOM (ROBERT)","243.0","TENNIS COURT","OUTDOOR","-87.67549471","41.78235295","3119.0"
"POINT (-87.67533832382044 41.782357902835365)","604","LINDBLOM (ROBERT)","243.0","TENNIS COURT","OUTDOOR","-87.67533832","41.7823579","3120.0"
"POINT (-87.72591575340736 41.90209219497053)","605","LINDEN","308.0","BASKETBALL COURT","OUTDOOR","-87.72591575","41.90209219","3121.0"
"POINT (-87.72584855859138 41.901791580999856)","606","LINDEN","308.0","PLAYGROUND","OUTDOOR","-87.72584856","41.90179158","3122.0"
"POINT (-87.72591484564511 41.90192399516301)","607","LINDEN","308.0","SPRAY FEATURE","OUTDOOR","-87.72591485","41.901924","3123.0"
"POINT (-87.68134562399894 41.801708220802176)","608","LITTLE VENICE","1055.0","PLAYGROUND","OUTDOOR","-87.68134562","41.80170822","3124.0"
"POINT (-87.68161264733406 41.801917041541365)","609","LITTLE VENICE","1055.0","SPRAY FEATURE","OUTDOOR","-87.68161265","41.80191704","3125.0"
"POINT (-87.68913302436057 41.92857973931828)","610","LOGAN SQUARE SKATE PARK","549.0","SKATE PARK","OUTDOOR","-87.68913302","41.92857974","3126.0"
"POINT (-87.7117451859095 41.85737860880321)","611","LONDON (LOUIS)","1120.0","PLAYGROUND","OUTDOOR","-87.71174519","41.85737861","3127.0"
"POINT (-87.64142079851581 41.79901376178796)","612","LOWE (SAMUEL)","1044.0","BASKETBALL COURT","OUTDOOR","-87.6414208","41.79901376","3128.0"
"POINT (-87.64101202051633 41.79872519817834)","613","LOWE (SAMUEL)","1044.0","FOOTBALL/SOCCER COMBO FLD","OUTDOOR","-87.64101202","41.7987252","3129.0"
"POINT (-87.6406551288197 41.799072511614945)","614","LOWE (SAMUEL)","1044.0","BASEBALL JR/SOFTBALL","OUTDOOR","-87.64065513","41.79907251","3130.0"
"POINT (-87.64088424372947 41.799489036742166)","615","LOWE (SAMUEL)","1044.0","PLAYGROUND","OUTDOOR","-87.64088424","41.79948904","3131.0"
"POINT (-87.64116843540107 41.79967210128277)","616","LOWE (SAMUEL)","1044.0","SPRAY FEATURE","OUTDOOR","-87.64116844","41.7996721","3132.0"
"POINT (-87.64127693802844 41.798272190795785)","617","LOWE (SAMUEL)","1044.0","BASEBALL SR","OUTDOOR","-87.64127694","41.79827219","3133.0"
"POINT (-87.66170244060835 42.012388902505904)","618","LOYOLA","115.0","BASKETBALL COURT","OUTDOOR","-87.66170244","42.0123889","3134.0"
"POINT (-87.65909651314273 42.00976786666404)","619","LOYOLA","115.0","BEACH","OUTDOOR","-87.65909651","42.00976787","3135.0"
"POINT (-87.65840770213192 42.00726255391862)","620","LOYOLA","115.0","FOOTBALL/SOCCER COMBO FLD","OUTDOOR","-87.6584077","42.00726255","3136.0"
"POINT (-87.66159961606016 42.01089057245278)","621","LOYOLA","115.0","GYMNASIUM","INDOOR","-87.66159962","42.01089057","3137.0"
"POINT (-87.66248470040149 42.012211063055695)","622","LOYOLA","115.0","BASEBALL JR/SOFTBALL","OUTDOOR","-87.6624847","42.01221106","3138.0"
"POINT (-87.66061040114101 42.010895709134)","623","LOYOLA","115.0","PLAYGROUND","OUTDOOR","-87.6606104","42.01089571","3139.0"
"POINT (-87.66208737915899 42.01122717922811)","624","LOYOLA","115.0","BASEBALL SR","OUTDOOR","-87.66208738","42.01122718","3140.0"
"POINT (-87.65816288081426 42.00644341264997)","625","LOYOLA","115.0","TENNIS COURT","OUTDOOR","-87.65816288","42.00644341","3141.0"
"POINT (-87.65833292538794 42.00644004075123)","626","LOYOLA","115.0","TENNIS COURT","OUTDOOR","-87.65833293","42.00644004","3142.0"
"POINT (-87.65850887642227 42.00643233046328)","627","LOYOLA","115.0","TENNIS COURT","OUTDOOR","-87.65850888","42.00643233","3143.0"
"POINT (-87.6586788285743 42.00643770142977)","628","LOYOLA","115.0","TENNIS COURT","OUTDOOR","-87.65867883","42.0064377","3144.0"
"POINT (-87.56723701159936 41.71282065844843)","629","LUELLA","1122.0","BASKETBALL COURT","OUTDOOR","-87.56723701","41.71282066","3145.0"
"POINT (-87.56767197191574 41.7125974596141)","630","LUELLA","1122.0","PLAYGROUND","OUTDOOR","-87.56767197","41.71259746","3146.0"
"POINT (-87.64668702057486 41.792641957058784)","631","LUNA","440.0","PLAYGROUND","OUTDOOR","-87.64668702","41.79264196","3147.0"
"POINT (-87.68751571868013 42.008417074568214)","632","LUNT (ORRINGTON, STEPHEN)","1123.0","PLAYGROUND","OUTDOOR","-87.68751572","42.00841707","3148.0"
"POINT (-87.63976836686032 41.75522403756366)","633","LYLE (JOHN)","1267.0","PLAYGROUND","OUTDOOR","-87.63976837","41.75522404","3149.0"
"POINT (-87.70702598758177 41.87311719444142)","634","MAGNOLIA","333.0","PLAYGROUND","OUTDOOR","-87.70702599","41.87311719","3150.0"
"POINT (-87.70710486583062 41.87295013917028)","635","MAGNOLIA","333.0","SPRAY FEATURE","OUTDOOR","-87.70710487","41.87295014","3151.0"
"POINT (-87.63464044206187 41.795401680618696)","636","MALUS","394.0","PLAYGROUND","OUTDOOR","-87.63464044","41.79540168","3152.0"
"POINT (-87.60761403790545 41.82303834876547)","637","MANDRAKE (HENRY BROWN)","504.0","BASKETBALL COURT","OUTDOOR","-87.60761404","41.82303835","3153.0"
"POINT (-87.6078161442511 41.82303194103739)","638","MANDRAKE (HENRY BROWN)","504.0","BASKETBALL COURT","OUTDOOR","-87.60781614","41.82303194","3154.0"
"POINT (-87.60900132762825 41.82299843975763)","639","MANDRAKE (HENRY BROWN)","504.0","BASEBALL JR/SOFTBALL","OUTDOOR","-87.60900133","41.82299844","3155.0"
"POINT (-87.60816556959294 41.823625822535305)","640","MANDRAKE (HENRY BROWN)","504.0","BASEBALL JR/SOFTBALL","OUTDOOR","-87.60816557","41.82362582","3156.0"
"POINT (-87.60721372310894 41.82331244557568)","641","MANDRAKE (HENRY BROWN)","504.0","PLAYGROUND","OUTDOOR","-87.60721372","41.82331245","3157.0"
"POINT (-87.60757723393566 41.82356831805983)","642","MANDRAKE (HENRY BROWN)","504.0","TENNIS COURT","OUTDOOR","-87.60757723","41.82356832","3158.0"
"POINT (-87.60779297992305 41.82356711953975)","643","MANDRAKE (HENRY BROWN)","504.0","TENNIS COURT","OUTDOOR","-87.60779298","41.82356712","3159.0"
"POINT (-87.60582492613041 41.82390629441025)","644","MANDRAKE (HENRY BROWN)","504.0","TRACK","OUTDOOR","-87.60582493","41.82390629","3160.0"
"POINT (-87.55088649288466 41.65820545482853)","645","MANN (JAMES)","17.0","FOOTBALL/SOCCER COMBO FLD","OUTDOOR","-87.55088649","41.65820545","3161.0"
"POINT (-87.55090995039617 41.65678177644691)","646","MANN (JAMES)","17.0","GYMNASIUM","INDOOR","-87.55090995","41.65678178","3163.0"
"POINT (-87.55088906403115 41.65645018352221)","647","MANN (JAMES)","17.0","POOL (INDOOR)","INDOOR","-87.55088906","41.65645018","3164.0"
"POINT (-87.55095343820219 41.655841838031364)","648","MANN (JAMES)","17.0","BASEBALL JR/SOFTBALL","OUTDOOR","-87.55095344","41.65584184","3165.0"
"POINT (-87.55001808820471 41.6570658919194)","649","MANN (JAMES)","17.0","BASEBALL JR/SOFTBALL","OUTDOOR","-87.55001809","41.65706589","3166.0"
"POINT (-87.55150216501593 41.657587891068154)","650","MANN (JAMES)","17.0","BASEBALL JR/SOFTBALL","OUTDOOR","-87.55150217","41.65758789","3167.0"
"POINT (-87.55001655414806 41.65770927175967)","651","MANN (JAMES)","17.0","BASEBALL JR/SOFTBALL","OUTDOOR","-87.55001655","41.65770927","3168.0"
"POINT (-87.55150003492822 41.658799515528436)","652","MANN (JAMES)","17.0","BASEBALL JR/SOFTBALL","OUTDOOR","-87.55150003","41.65879952","3169.0"
"POINT (-87.54999514341083 41.655858792632046)","653","MANN (JAMES)","17.0","BASEBALL JR/SOFTBALL","OUTDOOR","-87.54999514","41.65585879","3170.0"
"POINT (-87.55146526325214 41.65701469399671)","654","MANN (JAMES)","17.0","PLAYGROUND","OUTDOOR","-87.55146526","41.65701469","3171.0"
"POINT (-87.55050734166481 41.65648219101477)","655","MANN (JAMES)","17.0","SPRAY FEATURE","OUTDOOR","-87.55050734","41.65648219","3172.0"
"POINT (-87.55027534005646 41.658575149967966)","656","MANN (JAMES)","17.0","BASEBALL SR","OUTDOOR","-87.55027534","41.65857515","3173.0"
"POINT (-87.55162939758364 41.655869919049216)","657","MANN (JAMES)","17.0","TENNIS COURT","OUTDOOR","-87.5516294","41.65586992","3174.0"
"POINT (-87.5514602798851 41.65587346507766)","658","MANN (JAMES)","17.0","TENNIS COURT","OUTDOOR","-87.55146028","41.65587347","3175.0"
"POINT (-87.5514625089799 41.65620691634263)","659","MANN (JAMES)","17.0","TENNIS COURT","OUTDOOR","-87.55146251","41.65620692","3176.0"
"POINT (-87.55163168433587 41.65619867435841)","660","MANN (JAMES)","17.0","TENNIS COURT","OUTDOOR","-87.55163168","41.65619867","3177.0"
"POINT (-87.70984908463996 41.918762869780046)","661","MAPLE","1283.0","PLAYGROUND","OUTDOOR","-87.70984908","41.91876287","3178.0"
"POINT (-87.69140378955387 41.91114612767447)","662","MAPLEWOOD","1045.0","BASKETBALL COURT","OUTDOOR","-87.69140379","41.91114613","3179.0"
"POINT (-87.69115584988343 41.91177789234347)","663","MAPLEWOOD","1045.0","BASEBALL JR/SOFTBALL","OUTDOOR","-87.69115585","41.91177789","3180.0"
"POINT (-87.691116674569 41.91106631807751)","664","MAPLEWOOD","1045.0","PLAYGROUND","OUTDOOR","-87.69111667","41.91106632","3181.0"
"POINT (-87.74237372985944 41.96288588514164)","666","MAYFAIR","86.0","PLAYGROUND","OUTDOOR","-87.74237373","41.96288589","3256.0"
"POINT (-87.7422932360172 41.96305050480783)","667","MAYFAIR","86.0","SPRAY FEATURE","OUTDOOR","-87.74229324","41.9630505","3257.0"
"POINT (-87.64801929497051 41.84136627384415)","668","MCGUANE (JOHN)","2.0","BASKETBALL COURT","OUTDOOR","-87.64801929","41.84136627","3258.0"
"POINT (-87.64739018117592 41.84053263361965)","669","MCGUANE (JOHN)","2.0","FOOTBALL/SOCCER COMBO FLD","OUTDOOR","-87.64739018","41.84053263","3259.0"
"POINT (-87.64850626398953 41.841012596961306)","670","MCGUANE (JOHN)","2.0","FITNESS CENTER","INDOOR","-87.64850626","41.8410126","3260.0"
"POINT (-87.64859979276189 41.84114500317228)","671","MCGUANE (JOHN)","2.0","GYMNASIUM","INDOOR","-87.64859979","41.841145","3261.0"
"POINT (-87.64846536691108 41.84038437647017)","672","MCGUANE (JOHN)","2.0","HORSESHOE COURT","OUTDOOR","-87.64846537","41.84038438","3262.0"
"POINT (-87.64873393720562 41.841284413004885)","673","MCGUANE (JOHN)","2.0","POOL (INDOOR)","INDOOR","-87.64873394","41.84128441","3263.0"
"POINT (-87.64807386414643 41.840136994828825)","674","MCGUANE (JOHN)","2.0","BASEBALL JR/SOFTBALL","OUTDOOR","-87.64807386","41.84013699","3264.0"
"POINT (-87.64775698033148 41.84091350950287)","675","MCGUANE (JOHN)","2.0","BASEBALL JR/SOFTBALL","OUTDOOR","-87.64775698","41.84091351","3265.0"
"POINT (-87.64668832048193 41.840920902835514)","676","MCGUANE (JOHN)","2.0","BASEBALL JR/SOFTBALL","OUTDOOR","-87.64668832","41.8409209","3266.0"
"POINT (-87.64926334575364 41.841325470110434)","677","MCGUANE (JOHN)","2.0","PLAYGROUND","OUTDOOR","-87.64926335","41.84132547","3267.0"
"POINT (-87.64895345259126 41.84143872344164)","678","MCGUANE (JOHN)","2.0","SPRAY FEATURE","OUTDOOR","-87.64895345","41.84143872","3268.0"
"POINT (-87.64677029474987 41.840146431915244)","679","MCGUANE (JOHN)","2.0","BASEBALL SR","OUTDOOR","-87.64677029","41.84014643","3269.0"
"POINT (-87.64737040671494 41.84131418041905)","680","MCGUANE (JOHN)","2.0","TENNIS COURT","OUTDOOR","-87.64737041","41.84131418","3270.0"
"POINT (-87.64719067474755 41.8413234401361)","681","MCGUANE (JOHN)","2.0","TENNIS COURT","OUTDOOR","-87.64719067","41.84132344","3271.0"
"POINT (-87.64702479603231 41.84132933762417)","682","MCGUANE (JOHN)","2.0","TENNIS COURT","OUTDOOR","-87.6470248","41.84132934","3272.0"
"POINT (-87.64684513761502 41.84133170778656)","683","MCGUANE (JOHN)","2.0","TENNIS COURT","OUTDOOR","-87.64684514","41.84133171","3273.0"
"POINT (-87.64666087287877 41.8413340510293)","684","MCGUANE (JOHN)","2.0","TENNIS COURT","OUTDOOR","-87.64666087","41.84133405","3274.0"
"POINT (-87.64525947299104 41.81306030895392)","685","MCINERNEY (THOMAS)","443.0","FOOTBALL/SOCCER COMBO FLD","OUTDOOR","-87.64525947","41.81306031","3275.0"
"POINT (-87.64467065737533 41.81274855869115)","686","MCINERNEY (THOMAS)","443.0","PLAYGROUND","OUTDOOR","-87.64467066","41.81274856","3276.0"
"POINT (-87.64156621410615 41.82920074093758)","687","MCKEON (JOSEPH)","1162.0","PLAYGROUND","OUTDOOR","-87.64156621","41.82920074","3277.0"
"POINT (-87.70293574015568 41.69837093974601)","688","MCKIERNAN (DAVID)","1060.0","FOOTBALL/SOCCER COMBO FLD","OUTDOOR","-87.70293574","41.69837094","3278.0"
"POINT (-87.70326107167108 41.69807297718065)","689","MCKIERNAN (DAVID)","1060.0","BASEBALL JR/SOFTBALL","OUTDOOR","-87.70326107","41.69807298","3279.0"
"POINT (-87.70329024601736 41.698658647802)","690","MCKIERNAN (DAVID)","1060.0","BASEBALL JR/SOFTBALL","OUTDOOR","-87.70329025","41.69865865","3280.0"
"POINT (-87.70252334523292 41.69812236526016)","691","MCKIERNAN (DAVID)","1060.0","PLAYGROUND","OUTDOOR","-87.70252335","41.69812237","3281.0"
"POINT (-87.70245019466385 41.698001450965776)","692","MCKIERNAN (DAVID)","1060.0","SPRAY FEATURE","OUTDOOR","-87.70245019","41.69800145","3282.0"
"POINT (-87.68010718531845 41.825657571666724)","693","MCKINLEY (WILLIAM)","23.0","ARTIFICIAL TURF REG","OUTDOOR","-87.68009967","41.82557566","3283.0"
"POINT (-87.68070325648945 41.82344676422799)","694","MCKINLEY (WILLIAM)","23.0","BASKETBALL COURT","OUTDOOR","-87.68070326","41.82344676","3284.0"
"POINT (-87.68089078099842 41.823433075499125)","695","MCKINLEY (WILLIAM)","23.0","BASKETBALL COURT","OUTDOOR","-87.68089078","41.82343308","3285.0"
"POINT (-87.67860495969575 41.82475399442394)","696","MCKINLEY (WILLIAM)","23.0","CASTING PIER","OUTDOOR","-87.67860496","41.82475399","3288.0"
"POINT (-87.6824500558332 41.82502510550798)","697","MCKINLEY (WILLIAM)","23.0","FOOTBALL/SOCCER COMBO FLD","OUTDOOR","-87.68245006","41.82502511","3289.0"
"POINT (-87.68275427740136 41.82374920697976)","698","MCKINLEY (WILLIAM)","23.0","GYMNASIUM","INDOOR","-87.68275428","41.82374921","3290.0"
"POINT (-87.68225333807395 41.82378247177119)","699","MCKINLEY (WILLIAM)","23.0","GYMNASTIC CENTER","INDOOR","-87.68225334","41.82378247","3291.0"
"POINT (-87.6838360632498 41.82509028351823)","700","MCKINLEY (WILLIAM)","23.0","ICESKATING","OUTDOOR","-87.68383606","41.82509028","3292.0"
"POINT (-87.68042743191606 41.82377131617754)","701","MCKINLEY (WILLIAM)","23.0","BASEBALL JR/SOFTBALL","OUTDOOR","-87.68042743","41.82377132","3293.0"
"POINT (-87.6815954828607 41.82541689011161)","702","MCKINLEY (WILLIAM)","23.0","BASEBALL JR/SOFTBALL","OUTDOOR","-87.68159548","41.82541689","3294.0"
"POINT (-87.68309150031983 41.82424380699701)","703","MCKINLEY (WILLIAM)","23.0","BASEBALL JR/SOFTBALL","OUTDOOR","-87.6830915","41.82424381","3295.0"
"POINT (-87.68297177866869 41.82343012287137)","704","MCKINLEY (WILLIAM)","23.0","POOL (OUTDOOR)","OUTDOOR","-87.68297178","41.82343012","3296.0"
"POINT (-87.68093908589803 41.82539699355408)","705","MCKINLEY (WILLIAM)","23.0","PLAYGROUND","OUTDOOR","-87.68093909","41.82539699","3297.0"
"POINT (-87.68243150141683 41.823328412986626)","706","MCKINLEY (WILLIAM)","23.0","WATER PLAYGROUND","OUTDOOR","-87.6824315","41.82332841","3298.0"
"POINT (-87.6816397446302 41.824462730629236)","707","MCKINLEY (WILLIAM)","23.0","BASEBALL SR","OUTDOOR","-87.68163974","41.82446273","3299.0"
"POINT (-87.68299794634649 41.82571714133503)","708","MCKINLEY (WILLIAM)","23.0","BASEBALL SR","OUTDOOR","-87.68299795","41.82571714","3300"
"POINT (-87.68390962485594 41.82415800427626)","709","MCKINLEY (WILLIAM)","23.0","TENNIS COURT","OUTDOOR","-87.68390962","41.824158","3301.0"
"POINT (-87.68373605278539 41.82415984449618)","710","MCKINLEY (WILLIAM)","23.0","TENNIS COURT","OUTDOOR","-87.68373605","41.82415984","3302.0"
"POINT (-87.68374406174176 41.8244872507969)","711","MCKINLEY (WILLIAM)","23.0","TENNIS COURT","OUTDOOR","-87.68374406","41.82448725","3303.0"
"POINT (-87.6839251803255 41.82448545233184)","712","MCKINLEY (WILLIAM)","23.0","TENNIS COURT","OUTDOOR","-87.68392518","41.82448545","3304.0"
"POINT (-87.67655698935967 41.82635535588431)","713","MCKINLEY (WILLIAM)","23.0","TENNIS COURT","OUTDOOR","-87.67655699","41.82635536","3305.0"
"POINT (-87.71678803232088 41.689113321548305)","714","MOUNT GREENWOOD","251.0","WHEELCHR ACCSSBLE BALLFLD","SPECIAL","-87.71678803","41.68911332","5520.0"
"POINT (-87.7166868589402 41.688651095966)","715","MOUNT GREENWOOD","251.0","BASEBALL SR","OUTDOOR","-87.71668686","41.6886511","5521.0"
"POINT (-87.71727245658792 41.68906315576546)","716","MOUNT GREENWOOD","251.0","BASEBALL JR/SOFTBALL","OUTDOOR","-87.71727246","41.68906316","5522.0"
"POINT (-87.71726699210534 41.68871356610741)","717","MOUNT GREENWOOD","251.0","BASEBALL JR/SOFTBALL","OUTDOOR","-87.71726699","41.68871357","5523.0"
"POINT (-87.66794030644388 41.760290103421724)","718","MURRAY (DAVID)","1053.0","FOOTBALL/SOCCER COMBO FLD","OUTDOOR","-87.66794031","41.7602901","5524.0"
"POINT (-87.67672906154884 41.8263468112447)","719","MCKINLEY (WILLIAM)","23.0","TENNIS COURT","OUTDOOR","-87.67672906","41.82634681","3306.0"
"POINT (-87.67690098769542 41.82635255856382)","720","MCKINLEY (WILLIAM)","23.0","TENNIS COURT","OUTDOOR","-87.67690099","41.82635256","3307.0"
"POINT (-87.67707306105085 41.82634401251505)","721","MCKINLEY (WILLIAM)","23.0","TENNIS COURT","OUTDOOR","-87.67707306","41.82634401","3308.0"
"POINT (-87.67723239467811 41.82633539434002)","722","MCKINLEY (WILLIAM)","23.0","TENNIS COURT","OUTDOOR","-87.67723239","41.82633539","3309.0"
"POINT (-87.67740436948125 41.82633637653298)","723","MCKINLEY (WILLIAM)","23.0","TENNIS COURT","OUTDOOR","-87.67740437","41.82633638","3310.0"
"POINT (-87.66945737125444 41.98316588571254)","724","MELLIN (CURTIS, SR.)","1219.0","PLAYGROUND","OUTDOOR","-87.66945737","41.98316589","3311.0"
"POINT (-87.62882798776381 41.76156495984337)","725","MEMORIAL","1048.0","BASKETBALL COURT","OUTDOOR","-87.62882799","41.76156496","3312.0"
"POINT (-87.62951213453952 41.76059343412568)","726","MEMORIAL","1048.0","BASEBALL JR/SOFTBALL","OUTDOOR","-87.62951213","41.76059343","3313.0"
"POINT (-87.62910896826803 41.761550256312916)","727","MEMORIAL","1048.0","PLAYGROUND","OUTDOOR","-87.62910897","41.76155026","3314.0"
"POINT (-87.57191408452692 41.71918310540466)","728","MERRILL (GEORGE)","1126.0","BASKETBALL COURT","OUTDOOR","-87.57191408","41.71918311","3315.0"
"POINT (-87.57204312238542 41.71918615816279)","729","MERRILL (GEORGE)","1126.0","BASKETBALL COURT","OUTDOOR","-87.57204312","41.71918616","3316.0"
"POINT (-87.57189771098183 41.72007312094427)","730","MERRILL (GEORGE)","1126.0","BASEBALL JR/SOFTBALL","OUTDOOR","-87.57189771","41.72007312","3317.0"
"POINT (-87.57225795493507 41.719376595564995)","731","MERRILL (GEORGE)","1126.0","PLAYGROUND","OUTDOOR","-87.57225795","41.7193766","3318.0"
"POINT (-87.57253477664017 41.71953447527736)","732","MERRILL (GEORGE)","1126.0","SPRAY FEATURE","OUTDOOR","-87.57253478","41.71953448","3319.0"
"POINT (-87.78497844777296 41.952337898706055)","733","MERRIMAC","256.0","GYMNASIUM","INDOOR","-87.78497845","41.9523379","3320.0"
"POINT (-87.784387299079 41.951330987384175)","734","MERRIMAC","256.0","BASEBALL JR/SOFTBALL","OUTDOOR","-87.7843873","41.95133099","3321.0"
"POINT (-87.7852593702343 41.951359370807836)","735","MERRIMAC","256.0","BASEBALL JR/SOFTBALL","OUTDOOR","-87.78525937","41.95135937","3322.0"
"POINT (-87.78617894509345 41.951312632402455)","736","MERRIMAC","256.0","BASEBALL JR/SOFTBALL","OUTDOOR","-87.78617895","41.95131263","3323.0"
"POINT (-87.78450059425911 41.95241053385121)","737","MERRIMAC","256.0","PLAYGROUND","OUTDOOR","-87.78450059","41.95241053","3324.0"
"POINT (-87.78435128509047 41.95258741140363)","738","MERRIMAC","256.0","SPRAY FEATURE","OUTDOOR","-87.78435129","41.95258741","3325.0"
"POINT (-87.67052814594544 41.94997970202688)","739","MERRYMAN (THERON)","1124.0","PLAYGROUND","OUTDOOR","-87.67052815","41.9499797","3326.0"
"POINT (-87.62673194589699 41.81722271194608)","740","METCALFE (RALPH)","448.0","BASKETBALL COURT","OUTDOOR","-87.62673195","41.81722271","3327.0"
"POINT (-87.62664691197669 41.816951905540556)","741","METCALFE (RALPH)","448.0","BASKETBALL COURT","OUTDOOR","-87.62664691","41.81695191","3328.0"
"POINT (-87.62689749900548 41.817753902227665)","742","METCALFE (RALPH)","448.0","FITNESS COURSE","OUTDOOR","-87.6268975","41.8177539","3329.0"
"POINT (-87.62686613724705 41.81892147303644)","743","METCALFE (RALPH)","448.0","PLAYGROUND","OUTDOOR","-87.62686614","41.81892147","3330.0"
"POINT (-87.62676108699638 41.818785685287246)","744","METCALFE (RALPH)","448.0","SPRAY FEATURE","OUTDOOR","-87.62676109","41.81878569","3331.0"
"POINT (-87.62680286613366 41.818356260219396)","745","METCALFE (RALPH)","448.0","TENNIS COURT","OUTDOOR","-87.62680287","41.81835626","3332.0"
"POINT (-87.62697899386487 41.818346947989944)","746","METCALFE (RALPH)","448.0","TENNIS COURT","OUTDOOR","-87.62697899","41.81834695","3333.0"
"POINT (-87.61560283051307 41.76468577481698)","747","MEYERING (WILLIAM)","1049.0","BASKETBALL COURT","OUTDOOR","-87.61560283","41.76468577","3334.0"
"POINT (-87.61564939574457 41.764137932273925)","748","MEYERING (WILLIAM)","1049.0","BASEBALL JR/SOFTBALL","OUTDOOR","-87.6156494","41.76413793","3335.0"
"POINT (-87.61646189933093 41.76470556296684)","749","MEYERING (WILLIAM)","1049.0","PLAYGROUND","OUTDOOR","-87.6164619","41.76470556","3336.0"
"POINT (-87.61593947213522 41.764905688359704)","750","MEYERING (WILLIAM)","1049.0","WATER PLAYGROUND","OUTDOOR","-87.61593947","41.76490569","3337.0"
"POINT (-87.711394920492 41.84093114501533)","751","MIAMI","453.0","PLAYGROUND","OUTDOOR","-87.71139492","41.84093115","3338.0"
"POINT (-87.67762147501033 41.797463677742336)","752","MICEK (FRANK)","1028.0","BASKETBALL COURT","OUTDOOR","-87.67762148","41.79746368","3339.0"
"POINT (-87.67827867564435 41.79730354198811)","753","MICEK (FRANK)","1028.0","FOOTBALL/SOCCER COMBO FLD","OUTDOOR","-87.67827868","41.79730354","3340.0"
"POINT (-87.67764181872214 41.79729063954383)","754","MICEK (FRANK)","1028.0","PLAYGROUND","OUTDOOR","-87.67764182","41.79729064","3341.0"
"POINT (-87.67755924048635 41.79710690197074)","755","MICEK (FRANK)","1028.0","SPRAY FEATURE","OUTDOOR","-87.67755924","41.7971069","3342.0"
"POINT (-87.67789601026475 41.797374243861704)","756","MICEK (FRANK)","1028.0","VOLLEYBALL","OUTDOOR","-87.67789601","41.79737424","3343.0"
"POINT (-87.60510126632735 41.786753036904756)","757","MIDWAY PLAISANCE","1268.0","FOOTBALL/SOCCER COMBO FLD","OUTDOOR","-87.60510127","41.78675304","3344.0"
"POINT (-87.60345121700281 41.78676349486718)","758","MIDWAY PLAISANCE","1268.0","FOOTBALL/SOCCER COMBO FLD","OUTDOOR","-87.60345122","41.78676349","3345.0"
"POINT (-87.60208031994249 41.78681756564704)","759","MIDWAY PLAISANCE","1268.0","FOOTBALL/SOCCER COMBO FLD","OUTDOOR","-87.60208032","41.78681757","3346.0"
"POINT (-87.60034637905432 41.78682744497065)","760","MIDWAY PLAISANCE","1268.0","FOOTBALL/SOCCER COMBO FLD","OUTDOOR","-87.60034638","41.78682744","3347.0"
"POINT (-87.59743751735665 41.7868716370626)","761","MIDWAY PLAISANCE","1268.0","FOOTBALL/SOCCER COMBO FLD","OUTDOOR","-87.59743752","41.78687164","3348.0"
"POINT (-87.59500450190892 41.786876955472856)","762","MIDWAY PLAISANCE","1268.0","FOOTBALL/SOCCER COMBO FLD","OUTDOOR","-87.5950045","41.78687696","3349.0"
"POINT (-87.59276722845077 41.78688348436004)","763","MIDWAY PLAISANCE","1268.0","FOOTBALL/SOCCER COMBO FLD","OUTDOOR","-87.59276723","41.78688348","3350.0"
"POINT (-87.5989402842171 41.786827552961604)","764","MIDWAY PLAISANCE","1268.0","ICESKATING","OUTDOOR","-87.59894028","41.78682755","3351.0"
"POINT (-87.71606748059743 41.86355345836063)","765","MILLARD (ALDEN)","1127.0","BASKETBALL COURT","OUTDOOR","-87.71606748","41.86355346","3352.0"
"POINT (-87.71629974989241 41.86354395547224)","766","MILLARD (ALDEN)","1127.0","PLAYGROUND","OUTDOOR","-87.71629975","41.86354396","3353.0"
"POINT (-87.65256344178302 41.870466145658746)","767","MILLER (SAMUEL)","1128.0","PLAYGROUND","OUTDOOR","-87.65256344","41.87046615","3354.0"
"POINT (-87.76383174542997 41.785806666506424)","768","MINUTEMAN","307.0","BASKETBALL COURT","OUTDOOR","-87.76383175","41.78580667","3355.0"
"POINT (-87.76410216193568 41.78573478512698)","769","MINUTEMAN","307.0","BASKETBALL COURT","OUTDOOR","-87.76410216","41.78573479","3356.0"
"POINT (-87.76522855634734 41.78459975064668)","770","MINUTEMAN","307.0","TENNIS COURT","OUTDOOR","-87.76522856","41.78459975","3357.0"
"POINT (-87.76538945250981 41.78455412552748)","771","MINUTEMAN","307.0","TENNIS COURT","OUTDOOR","-87.76538945","41.78455413","3358.0"
"POINT (-87.76380052006704 41.78539229675884)","772","MINUTEMAN","307.0","FOOTBALL/SOCCER COMBO FLD","OUTDOOR","-87.76380052","41.7853923","3359.0"
"POINT (-87.76320792334387 41.78511129814212)","773","MINUTEMAN","307.0","BASEBALL JR/SOFTBALL","OUTDOOR","-87.76320792","41.7851113","3360.0"
"POINT (-87.76451532557007 41.784773861150136)","774","MINUTEMAN","307.0","BASEBALL JR/SOFTBALL","OUTDOOR","-87.76451533","41.78477386","3361.0"
"POINT (-87.76254075167617 41.78516417837297)","775","MINUTEMAN","307.0","PLAYGROUND","OUTDOOR","-87.76254075","41.78516418","3362.0"
"POINT (-87.76263070751797 41.78568088947709)","776","MINUTEMAN","307.0","VOLLEYBALL (SAND)","OUTDOOR","-87.76263071","41.78568089","3363.0"
"POINT (-87.76306564093221 41.785778458377)","777","MINUTEMAN","307.0","BASEBALL SR","OUTDOOR","-87.76306564","41.78577846","3364.0"
"POINT (-87.7640783948188 41.784902607171496)","778","MINUTEMAN","307.0","BASEBALL SR","OUTDOOR","-87.76407839","41.78490261","3365.0"
"POINT (-87.59508253063055 41.777333365972005)","779","MOCCASIN RANCH","337.0","PLAYGROUND","OUTDOOR","-87.59508253","41.77733337","3366.0"
"POINT (-87.68924855575742 41.77346655998338)","780","MONTGOMERY (MABEL)","1129.0","PLAYGROUND","OUTDOOR","-87.68924856","41.77346656","3367.0"
"POINT (-87.71837075751682 41.91420372122061)","781","MONTICELLO","1130.0","BASKETBALL COURT","OUTDOOR","-87.71837076","41.91420372","3368.0"
"POINT (-87.71817619219927 41.91415516557027)","782","MONTICELLO","1130.0","PLAYGROUND","OUTDOOR","-87.71817619","41.91415517","3369.0"
"POINT (-87.8178147058486 42.001628439203316)","783","MONUMENT","57.0","PLAYGROUND","OUTDOOR","-87.81781471","42.00162844","3370.0"
"POINT (-87.75263567633431 41.8777763278208)","784","MOORE (MAURICE)","1050.0","BASKETBALL COURT","OUTDOOR","-87.75263568","41.87777633","3371.0"
"POINT (-87.75237160297048 41.87828359514332)","785","MOORE (MAURICE)","1050.0","BASEBALL JR/SOFTBALL","OUTDOOR","-87.7523716","41.8782836","3372.0"
"POINT (-87.7528285870509 41.878338687727265)","786","MOORE (MAURICE)","1050.0","PLAYGROUND","OUTDOOR","-87.75282859","41.87833869","3373.0"
"POINT (-87.75278852845612 41.87830079957322)","787","MOORE (MAURICE)","1050.0","SPRAY FEATURE","OUTDOOR","-87.75278853","41.8783008","3374.0"
"POINT (-87.65456637005556 41.78941091503046)","788","MORAN (TERRANCE)","1051.0","COMMUNITY GARDEN","OUTDOOR","-87.65456637","41.78941092","3375.0"
"POINT (-87.65452807198753 41.790006643555245)","789","MORAN (TERRENCE)","1051.0","BASKETBALL COURT","OUTDOOR","-87.65452807","41.79000664","3376.0"
"POINT (-87.62315397202327 41.72104497661791)","790","ABBOTT (ROBERT)","259.0","BASKETBALL COURT","OUTDOOR","-87.62315397","41.72104498","1428.0"
"POINT (-87.62246735300855 41.718456190833194)","791","ABBOTT (ROBERT)","259.0","BASKETBALL COURT","OUTDOOR","-87.62246735","41.71845619","1429.0"
"POINT (-87.62236840816328 41.71794021950684)","792","ABBOTT (ROBERT)","259.0","FOOTBALL/SOCCER COMBO FLD","OUTDOOR","-87.62236841","41.71794022","1430.0"
"POINT (-87.62214677990002 41.719733107480394)","793","ABBOTT (ROBERT)","259.0","FOOTBALL/SOCCER COMBO FLD","OUTDOOR","-87.62214678","41.71973311","1431.0"
"POINT (-87.62312676792114 41.72024788018693)","794","ABBOTT (ROBERT)","259.0","BASEBALL JR/SOFTBALL","OUTDOOR","-87.62312677","41.72024788","1432.0"
"POINT (-87.62232148121221 41.72026648798218)","795","ABBOTT (ROBERT)","259.0","BASEBALL JR/SOFTBALL","OUTDOOR","-87.62232148","41.72026649","1433.0"
"POINT (-87.62113852819482 41.720272641621136)","796","ABBOTT (ROBERT)","259.0","BASEBALL JR/SOFTBALL","OUTDOOR","-87.62113853","41.72027264","1434.0"
"POINT (-87.62230559640403 41.72089146443045)","797","ABBOTT (ROBERT)","259.0","POOL (OUTDOOR)","OUTDOOR","-87.6223056","41.72089146","1435.0"
"POINT (-87.62135132889706 41.72095968813916)","798","ABBOTT (ROBERT)","259.0","PLAYGROUND","OUTDOOR","-87.62135133","41.72095969","1436.0"
"POINT (-87.62181913014119 41.72115411221569)","799","ABBOTT (ROBERT)","259.0","SENIOR CENTER","INDOOR","-87.62181913","41.72115411","1437.0"
"POINT (-87.62187172706773 41.72148858036242)","800","ABBOTT (ROBERT)","259.0","SPRAY FEATURE","OUTDOOR","-87.62187173","41.72148858","1438.0"
"POINT (-87.62249252279165 41.721478943905936)","801","ABBOTT (ROBERT)","259.0","SPRAY FEATURE","OUTDOOR","-87.62249252","41.72147894","1439.0"
"POINT (-87.62115173059662 41.71948421980073)","802","ABBOTT (ROBERT)","259.0","BASEBALL SR","OUTDOOR","-87.62115173","41.71948422","1440.0"
"POINT (-87.62304992610959 41.71946564167912)","803","ABBOTT (ROBERT)","259.0","BASEBALL SR","OUTDOOR","-87.62304993","41.71946564","1441.0"
"POINT (-87.62332865768524 41.7207023490136)","804","ABBOTT (ROBERT)","259.0","TENNIS COURT","OUTDOOR","-87.62332866","41.72070235","1442.0"
"POINT (-87.62316225417275 41.720701320712394)","805","ABBOTT (ROBERT)","259.0","TENNIS COURT","OUTDOOR","-87.62316225","41.72070132","1443.0"
"POINT (-87.62272255241669 41.718154499250645)","806","ABBOTT (ROBERT)","259.0","TRACK","OUTDOOR","-87.62272255","41.7181545","1444.0"
"POINT (-87.6233834515848 41.72103628536039)","807","ABBOTT (ROBERT)","259.0","VOLLEYBALL","OUTDOOR","-87.62338345","41.72103629","1445.0"
"POINT (-87.65538916398671 41.687785366778236)","808","ADA (SAWYER GARRETT)","45.0","BASKETBALL COURT","OUTDOOR","-87.65538916","41.68778537","1446.0"
"POINT (-87.65512832386915 41.6877838277746)","809","ADA (SAWYER GARRETT)","45.0","BASKETBALL COURT","OUTDOOR","-87.65512832","41.68778383","1447.0"
"POINT (-87.65382714288843 41.68851845050058)","810","ADA (SAWYER GARRETT)","45.0","FOOTBALL/SOCCER COMBO FLD","OUTDOOR","-87.65382714","41.68851845","1448.0"
"POINT (-87.65614908094305 41.68813314940061)","811","ADA (SAWYER GARRETT)","45.0","FITNESS CENTER","INDOOR","-87.65614908","41.68813315","1449.0"
"POINT (-87.65597963372866 41.68822811502621)","812","ADA (SAWYER GARRETT)","45.0","GYMNASIUM","INDOOR","-87.65597963","41.68822812","1450.0"
"POINT (-87.65467803872487 41.68882573190532)","813","ADA (SAWYER GARRETT)","45.0","BASEBALL JR/SOFTBALL","OUTDOOR","-87.65467804","41.68882573","1451.0"
"POINT (-87.65264747696828 41.68804187850476)","814","ADA (SAWYER GARRETT)","45.0","BASEBALL JR/SOFTBALL","OUTDOOR","-87.65264748","41.68804188","1452.0"
"POINT (-87.65607419099975 41.68857668626355)","815","ADA (SAWYER GARRETT)","45.0","POOL (OUTDOOR)","OUTDOOR","-87.65607419","41.68857669","1453.0"
"POINT (-87.65519740257258 41.68905005926844)","816","ADA (SAWYER GARRETT)","45.0","PLAYGROUND","OUTDOOR","-87.6551974","41.68905006","1454.0"
"POINT (-87.65583923915204 41.68872452435011)","817","ADA (SAWYER GARRETT)","45.0","SPRAY FEATURE","OUTDOOR","-87.65583924","41.68872452","1455.0"
"POINT (-87.65466555764006 41.68805381369413)","818","ADA (SAWYER GARRETT)","45.0","BASEBALL SR","OUTDOOR","-87.65466556","41.68805381","1456.0"
"POINT (-87.65267344554906 41.68883445925189)","819","ADA (SAWYER GARRETT)","45.0","BASEBALL SR","OUTDOOR","-87.65267345","41.68883446","1457.0"
"POINT (-87.65658331742067 41.6878129874139)","820","ADA (SAWYER GARRETT)","45.0","TENNIS COURT","OUTDOOR","-87.65658332","41.68781299","1458.0"
"POINT (-87.65640484856571 41.68781193633399)","821","ADA (SAWYER GARRETT)","45.0","TENNIS COURT","OUTDOOR","-87.65640485","41.68781194","1459.0"
"POINT (-87.65622632576766 41.687816030277865)","822","ADA (SAWYER GARRETT)","45.0","TENNIS COURT","OUTDOOR","-87.65622633","41.68781603","1460.0"
"POINT (-87.65605472110384 41.687815019096135)","823","ADA (SAWYER GARRETT)","45.0","TENNIS COURT","OUTDOOR","-87.65605472","41.68781502","1461.0"
"POINT (-87.65509193685467 41.91688965976779)","824","ADAMS (GEORGE & ADELE)","1019.0","PLAYGROUND","OUTDOOR","-87.65509194","41.91688966","1462.0"
"POINT (-87.65513282635517 41.9171228585097)","825","ADAMS (GEORGE & ADELE)","1019.0","SPRAY FEATURE","OUTDOOR","-87.65513283","41.91712286","6641.0"
"POINT (-87.7763563213628 41.919150874235896)","826","AIELLO (JOHN)","1280.0","PLAYGROUND","OUTDOOR","-87.77635632","41.91915087","1464.0"
"POINT (-87.69491846557887 41.935202425821124)","827","ALGONQUIN","1161.0","PLAYGROUND","OUTDOOR","-87.69491847","41.93520243","1465.0"
"POINT (-87.69306266084847 41.874224593761575)","828","ALTGELD (JOHN)","206.0","BASKETBALL COURT","OUTDOOR","-87.69306266","41.87422459","1466.0"
"POINT (-87.69227974701079 41.87439914136502)","829","ALTGELD (JOHN)","206.0","ARTIFICIAL TURF REG","OUTDOOR","-87.69227221","41.87431723","1467.0"
"POINT (-87.69333424301566 41.874420766122626)","830","ALTGELD (JOHN)","206.0","FITNESS CENTER","INDOOR","-87.69333424","41.87442077","1468.0"
"POINT (-87.69328059357841 41.874318313365215)","831","ALTGELD (JOHN)","206.0","GYMNASIUM","INDOOR","-87.69328059","41.87431831","1469.0"
"POINT (-87.69193201232643 41.87465308073857)","832","ALTGELD (JOHN)","206.0","BASEBALL JR/SOFTBALL","OUTDOOR","-87.69193201","41.87465308","1470.0"
"POINT (-87.6662220079269 41.957288371438054)","833","WARNER GARDEN","521.0","GARDEN","OUTDOOR","-87.66622201","41.95728837","6096.0"
"POINT (-87.6933679271503 41.874022773726836)","834","ALTGELD (JOHN)","206.0","POOL (OUTDOOR)","OUTDOOR","-87.69336793","41.87402277","1472.0"
"POINT (-87.69331479976726 41.87469548642252)","835","ALTGELD (JOHN)","206.0","PLAYGROUND","OUTDOOR","-87.6933148","41.87469549","1473.0"
"POINT (-87.69274617153384 41.87462062088101)","836","ALTGELD (JOHN)","206.0","BASEBALL SR","OUTDOOR","-87.69274617","41.87462062","1474.0"
"POINT (-87.77791032279119 41.913871029791096)","837","AMUNDSEN (ROALD)","129.0","FOOTBALL/SOCCER COMBO FLD","OUTDOOR","-87.77823865","41.91395503","1475.0"
"POINT (-87.7802511463426 41.913377057233525)","838","AMUNDSEN (ROALD)","129.0","FITNESS CENTER","INDOOR","-87.78025115","41.91337706","1476.0"
"POINT (-87.7802263589983 41.913956296342604)","839","AMUNDSEN (ROALD)","129.0","BASEBALL JR/SOFTBALL","OUTDOOR","-87.78022636","41.9139563","1477.0"
"POINT (-87.77917295858306 41.91444869104476)","840","AMUNDSEN (ROALD)","129.0","BASEBALL JR/SOFTBALL","OUTDOOR","-87.77917296","41.91444869","1478.0"
"POINT (-87.7774052642468 41.91438731736254)","841","AMUNDSEN (ROALD)","129.0","BASEBALL JR/SOFTBALL","OUTDOOR","-87.77740526","41.91438732","1479.0"
"POINT (-87.7773858805026 41.91322498537698)","842","AMUNDSEN (ROALD)","129.0","BASEBALL JR/SOFTBALL","OUTDOOR","-87.77738588","41.91322499","1480.0"
"POINT (-87.77954735840669 41.913411526209785)","843","AMUNDSEN (ROALD)","129.0","PLAYGROUND","OUTDOOR","-87.77954736","41.91341153","1481.0"
"POINT (-87.77944815489948 41.913296585056635)","844","AMUNDSEN (ROALD)","129.0","SPRAY FEATURE","OUTDOOR","-87.77944815","41.91329659","1482.0"
"POINT (-87.62091376990873 41.82607413667152)","845","ANDERSON (LOUIS)","1020.0","BASKETBALL COURT","OUTDOOR","-87.62091377","41.82607414","1484.0"
"POINT (-87.6209087392193 41.82586374262934)","846","ANDERSON (LOUIS)","1020.0","BASKETBALL COURT","OUTDOOR","-87.62090874","41.82586374","1485.0"
"POINT (-87.62088153197773 41.826276136988206)","847","ANDERSON (LOUIS)","1020.0","GYMNASIUM","INDOOR","-87.62088153","41.82627614","1486.0"
"POINT (-87.62064020151865 41.82591274025127)","848","ANDERSON (LOUIS)","1020.0","PLAYGROUND","OUTDOOR","-87.6206402","41.82591274","1487.0"
"POINT (-87.6206492009444 41.82576521185188)","849","ANDERSON (LOUIS)","1020.0","SPRAY FEATURE","OUTDOOR","-87.6206492","41.82576521","1488.0"
"POINT (-87.66928219894375 41.97714904058551)","850","ANDERSONVILLE","1078.0","PLAYGROUND","OUTDOOR","-87.6692822","41.97714904","1489.0"
"POINT (-87.73519041438111 41.802657946942986)","851","ARCHER (WILLIAM BEATTY)","250.0","BASEBALL SR","OUTDOOR","-87.73519041","41.80265795","1490.0"
"POINT (-87.73477806570139 41.80386553331229)","852","ARCHER (WILLIAM BEATTY)","250.0","BASKETBALL COURT","OUTDOOR","-87.73477807","41.80386553","1491.0"
"POINT (-87.73487781587578 41.80499407710966)","853","ARCHER (WILLIAM BEATTY)","250.0","FOOTBALL/SOCCER COMBO FLD","OUTDOOR","-87.73487782","41.80499408","1492.0"
"POINT (-87.73517321917403 41.8035727705673)","854","ARCHER (WILLIAM BEATTY)","250.0","GYMNASIUM","INDOOR","-87.73517322","41.80357277","1494.0"
"POINT (-87.73394435094485 41.8025452534162)","855","ARCHER (WILLIAM BEATTY)","250.0","HORSESHOE COURT","OUTDOOR","-87.73394435","41.80254525","1495.0"
"POINT (-87.73425168116802 41.804726225463725)","856","ARCHER (WILLIAM BEATTY)","250.0","BASEBALL JR/SOFTBALL","OUTDOOR","-87.73425168","41.80472623","1496.0"
"POINT (-87.73426053934719 41.805100273364246)","857","ARCHER (WILLIAM BEATTY)","250.0","BASEBALL JR/SOFTBALL","OUTDOOR","-87.73426054","41.80510027","1497.0"
"POINT (-87.73536074215649 41.80557697104426)","858","ARCHER (WILLIAM BEATTY)","250.0","BASEBALL JR/SOFTBALL","OUTDOOR","-87.73536074","41.80557697","1498.0"
"POINT (-87.73448905080146 41.803092936542065)","859","ARCHER (WILLIAM BEATTY)","250.0","BASEBALL JR/SOFTBALL","OUTDOOR","-87.73448905","41.80309294","1499.0"
"POINT (-87.73423123561209 41.80360873059538)","860","ARCHER (WILLIAM BEATTY)","250.0","PLAYGROUND","OUTDOOR","-87.73423124","41.80360873","1500"
"POINT (-87.73525526079482 41.80431128028154)","861","ARCHER (WILLIAM BEATTY)","250.0","BASEBALL SR","OUTDOOR","-87.73525526","41.80431128","1502.0"
"POINT (-87.73399646707188 41.803209177481044)","862","ARCHER (WILLIAM BEATTY)","250.0","MINI-PITCH","OUTDOOR","-87.73398888","41.80312727","6665.0"
"POINT (-87.73398718028726 41.802881300081175)","863","ARCHER (WILLIAM BEATTY)","250.0","MINI-PITCH","OUTDOOR","-87.7339796","41.80279939","1504.0"
"POINT (-87.73508677411286 41.80384867156551)","864","ARCHER (WILLIAM BEATTY)","250.0","SPRAY FEATURE","OUTDOOR","-87.73508677","41.80384867","1505.0"
"POINT (-87.63365368193602 41.83356709716723)","865","ARMOUR (PHILIP) SQUARE","3.0","FOOTBALL/SOCCER COMBO FLD","OUTDOOR","-87.63365368","41.8335671","1506.0"
"POINT (-87.63498316491487 41.83413799817548)","866","ARMOUR (PHILIP) SQUARE","3.0","FITNESS CENTER","INDOOR","-87.63498316","41.834138","1507.0"
"POINT (-87.63463860271735 41.83406768336735)","867","ARMOUR (PHILIP) SQUARE","3.0","GYMNASIUM","INDOOR","-87.6346386","41.83406768","1508.0"
"POINT (-87.63332293134351 41.833788255558645)","868","ARMOUR (PHILIP) SQUARE","3.0","BASEBALL JR/SOFTBALL","OUTDOOR","-87.63332293","41.83378826","1509.0"
"POINT (-87.63329985115371 41.833165085112284)","869","ARMOUR (PHILIP) SQUARE","3.0","BASEBALL JR/SOFTBALL","OUTDOOR","-87.63329985","41.83316509","1510.0"
"POINT (-87.63409302658394 41.833780535024644)","870","ARMOUR (PHILIP) SQUARE","3.0","BASEBALL JR/SOFTBALL","OUTDOOR","-87.63409303","41.83378054","1511.0"
"POINT (-87.63480499981216 41.83423414332179)","871","ARMOUR (PHILIP) SQUARE","3.0","POOL (OUTDOOR)","OUTDOOR","-87.634805","41.83423414","1512.0"
"POINT (-87.63399439920214 41.83430367665974)","872","ARMOUR (PHILIP) SQUARE","3.0","PLAYGROUND","OUTDOOR","-87.6339944","41.83430368","1513.0"
"POINT (-87.63463439362512 41.8337465964994)","873","ARMOUR (PHILIP) SQUARE","3.0","VOLLEYBALL (SAND)","OUTDOOR","-87.63463439","41.8337466","1514.0"
"POINT (-87.63352353301276 41.83426357577875)","874","ARMOUR (PHILIP) SQUARE","3.0","SPRAY FEATURE","OUTDOOR","-87.63352353","41.83426358","1515.0"
"POINT (-87.63399652015717 41.833194150660226)","875","ARMOUR (PHILIP) SQUARE","3.0","BASEBALL SR","OUTDOOR","-87.63399652","41.83319415","1516.0"
"POINT (-87.6346057698204 41.83302162266066)","876","ARMOUR (PHILIP) SQUARE","3.0","TENNIS COURT","OUTDOOR","-87.63460577","41.83302162","1517.0"
"POINT (-87.63477510695583 41.83301520678931)","877","ARMOUR (PHILIP) SQUARE","3.0","TENNIS COURT","OUTDOOR","-87.63477511","41.83301521","1518.0"
"POINT (-87.63494101729715 41.833018697966914)","878","ARMOUR (PHILIP) SQUARE","3.0","SPORT ROLLER COURT","OUTDOOR","-87.63494102","41.8330187","1519.0"
"POINT (-87.60972386481889 41.81443553508913)","879","ARMSTRONG (LILLIAN HARDIN)","492.0","BASKETBALL COURT","OUTDOOR","-87.60972386","41.81443554","1520.0"
"POINT (-87.60972240457384 41.81425562063189)","880","ARMSTRONG (LILLIAN HARDIN)","492.0","BASKETBALL COURT","OUTDOOR","-87.6097224","41.81425562","1521.0"
"POINT (-87.61062491638594 41.81402283033417)","881","ARMSTRONG (LILLIAN HARDIN)","492.0","FOOTBALL/SOCCER COMBO FLD","OUTDOOR","-87.61062492","41.81402283","1522.0"
"POINT (-87.6110305401154 41.813531199231505)","882","ARMSTRONG (LILLIAN HARDIN)","492.0","BASEBALL JR/SOFTBALL","OUTDOOR","-87.61103054","41.8135312","1523.0"
"POINT (-87.61109982717862 41.81449894773531)","883","ARMSTRONG (LILLIAN HARDIN)","492.0","BASEBALL JR/SOFTBALL","OUTDOOR","-87.61109983","41.81449895","1524.0"
"POINT (-87.60971037865275 41.8137757995918)","884","ARMSTRONG (LILLIAN HARDIN)","492.0","PLAYGROUND","OUTDOOR","-87.60971038","41.8137758","1525.0"
"POINT (-87.65923857195256 41.87177914734695)","885","ARRIGO (VICTOR)","215.0","FOOTBALL/SOCCER COMBO FLD","OUTDOOR","-87.65923857","41.87177915","1526.0"
"POINT (-87.55735249798504 41.7626348217187)","886","ASHE (ARTHUR) BEACH","459.0","BEACH","OUTDOOR","-87.5573525","41.76263482","1527.0"
"POINT (-87.55781280452504 41.76257420972407)","887","ASHE (ARTHUR) BEACH","459.0","PLAYGROUND","OUTDOOR","-87.5578128","41.76257421","1528.0"
"POINT (-87.55828553166634 41.762188706637964)","888","ASHE (ARTHUR) BEACH","459.0","TENNIS COURT","OUTDOOR","-87.55828553","41.76218871","1529.0"
"POINT (-87.5581313044254 41.762274750438806)","889","ASHE (ARTHUR) BEACH","459.0","TENNIS COURT","OUTDOOR","-87.5581313","41.76227475","1530.0"
"POINT (-87.74818672442213 41.96866399541846)","890","ASHMORE","427.0","PLAYGROUND","OUTDOOR","-87.74818672","41.968664","1531.0"
"POINT (-87.62418441222192 41.81712721092429)","891","ASPEN","321.0","PLAYGROUND","OUTDOOR","-87.62418441","41.81712721","1532.0"
"POINT (-87.65585057120566 41.96661706901279)","892","ASTER","343.0","PLAYGROUND","OUTDOOR","-87.65585057","41.96661707","1533.0"
"POINT (-87.71740513853344 41.94699225360478)","893","ATHLETIC FIELD","80.0","BASKETBALL COURT","OUTDOOR","-87.71740514","41.94699225","1534.0"
"POINT (-87.71736347855689 41.94746526064453)","894","ATHLETIC FIELD","80.0","BASEBALL JR/SOFTBALL","OUTDOOR","-87.71736348","41.94746526","1535.0"
"POINT (-87.71671385689504 41.9481335289858)","895","ATHLETIC FIELD","80.0","BASEBALL JR/SOFTBALL","OUTDOOR","-87.71671386","41.94813353","1536.0"
"POINT (-87.71669554906468 41.94746629126059)","896","ATHLETIC FIELD","80.0","BASEBALL JR/SOFTBALL","OUTDOOR","-87.71669555","41.94746629","1537.0"
"POINT (-87.71669434786992 41.94694919461898)","897","ATHLETIC FIELD","80.0","PLAYGROUND","OUTDOOR","-87.71669435","41.94694919","1538.0"
"POINT (-87.71673561242608 41.9471594843284)","898","ATHLETIC FIELD","80.0","TENNIS COURT","OUTDOOR","-87.71673561","41.94715948","1539.0"
"POINT (-87.71674052866786 41.94729109150341)","899","ATHLETIC FIELD","80.0","TENNIS COURT","OUTDOOR","-87.71674053","41.94729109","1540.0"
"POINT (-87.73762548831887 41.89855905568076)","900","AUGUSTA (CARPENTER)","1021.0","PLAYGROUND","OUTDOOR","-87.73762549","41.89855906","1541.0"
"POINT (-87.77243428886543 41.887703704025895)","901","AUSTIN (HENRY)","1204.0","PLAYGROUND","OUTDOOR","-87.77243429","41.8877037","1542.0"
"POINT (-87.77438197903986 41.88771320049902)","902","AUSTIN (HENRY)","1204.0","WATER PLAYGROUND","OUTDOOR","-87.77438198","41.8877132","1544.0"
"POINT (-87.77856099701427 41.97632959227194)","903","AUSTIN FOSTER","285.0","BASEBALL JR/SOFTBALL","OUTDOOR","-87.778561","41.97632959","1545.0"
"POINT (-87.77926093033618 41.977115584580176)","904","AUSTIN FOSTER","285.0","BASEBALL JR/SOFTBALL","OUTDOOR","-87.77926093","41.97711558","1546.0"
"POINT (-87.77896928190134 41.97586537189061)","905","AUSTIN FOSTER","285.0","PLAYGROUND","OUTDOOR","-87.77896928","41.97586537","1547.0"
"POINT (-87.7661460429368 41.888745873726236)","906","AUSTIN TOWN HALL","207.0","BASKETBALL COURT","OUTDOOR","-87.76614604","41.88874587","1548.0"
"POINT (-87.76559532605964 41.88828633974339)","907","AUSTIN TOWN HALL","207.0","GYMNASIUM","INDOOR","-87.76559533","41.88828634","1550.0"
"POINT (-87.76609858991051 41.888275273837344)","908","AUSTIN TOWN HALL","207.0","POOL (INDOOR)","INDOOR","-87.76609859","41.88827527","1551.0"
"POINT (-87.76550918818172 41.88844405798101)","909","AUSTIN TOWN HALL","207.0","PLAYGROUND","OUTDOOR","-87.76550919","41.88844406","1552.0"
"POINT (-87.59330013791767 41.7434858806832)","910","AVALON","29.0","BASKETBALL COURT","OUTDOOR","-87.59330014","41.74348588","1553.0"
"POINT (-87.59624793282275 41.74159153406384)","911","AVALON","29.0","FOOTBALL/SOCCER COMBO FLD","OUTDOOR","-87.59624793","41.74159153","1554.0"
"POINT (-87.59405625539526 41.741457516331266)","912","AVALON","29.0","FOOTBALL/SOCCER COMBO FLD","OUTDOOR","-87.59405626","41.74145752","1555.0"
"POINT (-87.59416984170583 41.743695336816636)","913","AVALON","29.0","FITNESS CENTER","INDOOR","-87.59416984","41.74369534","1556.0"
"POINT (-87.59421310997371 41.743565248334974)","914","AVALON","29.0","GYMNASIUM","INDOOR","-87.59421311","41.74356525","1557.0"
"POINT (-87.59530719760502 41.74166592369274)","915","AVALON","29.0","BASEBALL JR/SOFTBALL","OUTDOOR","-87.5953072","41.74166592","1558.0"
"POINT (-87.59444590974394 41.74192602080084)","916","AVALON","29.0","BASEBALL JR/SOFTBALL","OUTDOOR","-87.59444591","41.74192602","1559.0"
"POINT (-87.59360154570128 41.74194715115221)","917","AVALON","29.0","BASEBALL JR/SOFTBALL","OUTDOOR","-87.59360155","41.74194715","1560.0"
"POINT (-87.59358384340698 41.74101732259707)","918","AVALON","29.0","BASEBALL JR/SOFTBALL","OUTDOOR","-87.59358384","41.74101732","1561.0"
"POINT (-87.59442795286499 41.74101744103766)","919","AVALON","29.0","BASEBALL JR/SOFTBALL","OUTDOOR","-87.59442795","41.74101744","1562.0"
"POINT (-87.59541318857426 41.74108221248975)","920","AVALON","29.0","BASEBALL JR/SOFTBALL","OUTDOOR","-87.59541319","41.74108221","1563.0"
"POINT (-87.59418045040991 41.74280621418424)","921","AVALON","29.0","POOL (OUTDOOR)","OUTDOOR","-87.59418045","41.74280621","1564.0"
"POINT (-87.59485912972578 41.74300714675612)","922","AVALON","29.0","PLAYGROUND","OUTDOOR","-87.59485913","41.74300715","1565.0"
"POINT (-87.59424803032755 41.74309884480372)","923","AVALON","29.0","SPRAY FEATURE","OUTDOOR","-87.59424803","41.74309884","1566.0"
"POINT (-87.59651452430347 41.74091927503756)","924","AVALON","29.0","BASEBALL SR","OUTDOOR","-87.59651452","41.74091928","1567.0"
"POINT (-87.5972485935555 41.74185900779164)","925","AVALON","29.0","TENNIS COURT","OUTDOOR","-87.59724859","41.74185901","1568.0"
"POINT (-87.59724477638052 41.741572099490725)","926","AVALON","29.0","TENNIS COURT","OUTDOOR","-87.59724478","41.7415721","1569.0"
"POINT (-87.59742216016198 41.741567923611306)","927","AVALON","29.0","TENNIS COURT","OUTDOOR","-87.59742216","41.74156792","1570.0"
"POINT (-87.59741185660822 41.74122784704662)","928","AVALON","29.0","TENNIS COURT","OUTDOOR","-87.59741186","41.74122785","1571.0"
"POINT (-87.59722028821761 41.741231932938305)","929","AVALON","29.0","TENNIS COURT","OUTDOOR","-87.59722029","41.74123193","1572.0"
"POINT (-87.59722398920101 41.74090788425309)","930","AVALON","29.0","TENNIS COURT","OUTDOOR","-87.59722399","41.74090788","1573.0"
"POINT (-87.59348815665757 41.74317364443183)","931","AVALON","29.0","TRACK","OUTDOOR","-87.59348816","41.74317364","1574.0"
"POINT (-87.71549142165551 41.941396685346064)","932","AVONDALE","81.0","BASKETBALL COURT","OUTDOOR","-87.71549142","41.94139669","1575.0"
"POINT (-87.71506101219352 41.94128894038344)","933","AVONDALE","81.0","GYMNASTIC CENTER","INDOOR","-87.71506101","41.94128894","1576.0"
"POINT (-87.71523732852378 41.941289078500304)","934","AVONDALE","81.0","GYMNASIUM","INDOOR","-87.71523733","41.94128908","1577.0"
"POINT (-87.715407006951 41.941713431718156)","935","AVONDALE","81.0","POOL (OUTDOOR)","OUTDOOR","-87.71540701","41.94171343","1578.0"
"POINT (-87.71545552295794 41.941525847440964)","936","AVONDALE","81.0","PLAYGROUND","OUTDOOR","-87.71545552","41.94152585","1579.0"
"POINT (-87.71502429341865 41.94140541854555)","937","AVONDALE","81.0","SPRAY FEATURE","OUTDOOR","-87.71502429","41.94140542","1580.0"
"POINT (-87.65790105117597 41.8042504088283)","938","BACK OF THE YARDS","1063.0","BASKETBALL COURT","OUTDOOR","-87.65790105","41.80425041","1581.0"
"POINT (-87.65783627484103 41.8045652117035)","939","BACK OF THE YARDS","1063.0","HORSESHOE COURT","OUTDOOR","-87.65783627","41.80456521","1582.0"
"POINT (-87.65836042499797 41.80440731956404)","940","BACK OF THE YARDS","1063.0","PLAYGROUND","OUTDOOR","-87.65836042","41.80440732","1583.0"
"POINT (-87.65797630158178 41.804487577398895)","941","BACK OF THE YARDS","1063.0","SPRAY FEATURE","OUTDOOR","-87.6579763","41.80448758","1584.0"
"POINT (-87.6808362179778 41.84713681531817)","942","BARAGA (FREDERICK)","295.0","BASKETBALL COURT","OUTDOOR","-87.68083622","41.84713682","1585.0"
"POINT (-87.68115405864287 41.847146414855196)","943","BARAGA (FREDERICK)","295.0","PLAYGROUND","OUTDOOR","-87.68115406","41.84714641","1586.0"
"POINT (-87.66985319295314 41.703453115673916)","944","BARNARD (ERASTUS)","1205.0","PLAYGROUND","OUTDOOR","-87.66985319","41.70345312","1587.0"
"POINT (-87.67664999140274 41.85252841391454)","945","BARRETT (JOHN)","1022.0","BASKETBALL COURT","OUTDOOR","-87.67664999","41.85252841","1588.0"
"POINT (-87.6765073438769 41.85234408166954)","946","BARRETT (JOHN)","1022.0","PLAYGROUND","OUTDOOR","-87.67650734","41.85234408","1589.0"
"POINT (-87.6498967254879 41.87986250105404)","947","BARTELME (MARY)","542.0","PLAYGROUND","OUTDOOR","-87.64989673","41.8798625","1590.0"
"POINT (-87.6505377247579 41.87984830806657)","948","BARTELME (MARY)","542.0","DOG FRIENDLY AREA","OUTDOOR","-87.65053772","41.87984831","1591.0"
"POINT (-87.64155497140838 41.91624163160325)","949","BAULER (MATHIAS)","365.0","PLAYGROUND","OUTDOOR","-87.64155497","41.91624163","1592.0"
"POINT (-87.59168559598594 41.782555605495986)","950","BEEHIVE","328.0","PLAYGROUND","OUTDOOR","-87.5916856","41.78255561","1593.0"
"POINT (-87.72354098887428 41.91242490851431)","951","BEILFUSS (ALBERT W.)","1003.0","PLAYGROUND","OUTDOOR","-87.72354099","41.91242491","1595.0"
"POINT (-87.79599912287385 41.935130157612925)","952","BELL (GEORGE,JR.)","121.0","BASKETBALL COURT","OUTDOOR","-87.79599912","41.93513016","1596.0"
"POINT (-87.79652644349751 41.936084956067916)","953","BELL (GEORGE,JR.)","121.0","BASEBALL JR/SOFTBALL","OUTDOOR","-87.79652644","41.93608496","1597.0"
"POINT (-87.7959648832224 41.93572411304609)","954","BELL (GEORGE,JR.)","121.0","BASEBALL JR/SOFTBALL","OUTDOOR","-87.79596488","41.93572411","1598.0"
"POINT (-87.7964117740043 41.935108061675976)","955","BELL (GEORGE,JR.)","121.0","PLAYGROUND","OUTDOOR","-87.79641177","41.93510806","1599.0"
"POINT (-87.79611639357537 41.934750647970105)","956","BELL (GEORGE,JR.)","121.0","SPRAY FEATURE","OUTDOOR","-87.79611639","41.93475065","1600"
"POINT (-87.79592819370582 41.934867716545945)","957","BELL (GEORGE,JR.)","121.0","TENNIS COURT","OUTDOOR","-87.79592819","41.93486772","1601.0"
"POINT (-87.79647828953142 41.93485063201383)","958","BELL (GEORGE,JR.)","121.0","TENNIS COURT","OUTDOOR","-87.79647829","41.93485063","1602.0"
"POINT (-87.79592929490578 41.935433441739804)","959","BELL (GEORGE,JR.)","121.0","VOLLEYBALL","OUTDOOR","-87.79592929","41.93543344","1603.0"
"POINT (-87.65513190898658 41.99485800797449)","960","BERGER (ALBERT)","1255.0","CULTURAL CENTER","SPECIAL","-87.65513191","41.99485801","1604.0"
"POINT (-87.65516867530032 41.994858225186896)","961","BERGER (ALBERT)","1255.0","GALLERY","SPECIAL","-87.65516868","41.99485823","1605.0"
"POINT (-87.6549518475946 41.99552007064776)","962","BERGER (ALBERT)","1255.0","PLAYGROUND","OUTDOOR","-87.65495185","41.99552007","1606.0"
"POINT (-87.55593030010034 41.73152318741865)","963","BESSEMER (HENRY)","12.0","MINI-PITCH","OUTDOOR","-87.55592295","41.73144127","1607.0"
"POINT (-87.55723057538836 41.73335026111401)","964","BESSEMER (HENRY)","12.0","BASKETBALL COURT","OUTDOOR","-87.55723058","41.73335026","1608.0"
"POINT (-87.55721915589243 41.732394963485746)","965","BESSEMER (HENRY)","12.0","FOOTBALL/SOCCER COMBO FLD","OUTDOOR","-87.55721916","41.73239496","1609.0"
"POINT (-87.5578000119284 41.733314571070075)","966","BESSEMER (HENRY)","12.0","FOOTBALL/SOCCER COMBO FLD","OUTDOOR","-87.55780001","41.73331457","1610.0"
"POINT (-87.55906806326176 41.73331985627814)","967","BESSEMER (HENRY)","12.0","GARDEN","OUTDOOR","-87.55906806","41.73331986","1611.0"
"POINT (-87.5567065202301 41.73307819462228)","968","BESSEMER (HENRY)","12.0","GYMNASIUM","INDOOR","-87.55670652","41.73307819","1612.0"
"POINT (-87.5583496611373 41.73336252247481)","969","BESSEMER (HENRY)","12.0","HANDBALL/RACQUET (OUT)","OUTDOOR","-87.55834966","41.73336252","1613.0"
"POINT (-87.55669591876699 41.73154744261479)","970","BESSEMER (HENRY)","12.0","BASEBALL JR/SOFTBALL","OUTDOOR","-87.55669592","41.73154744","1614.0"
"POINT (-87.55673887971594 41.732205223851054)","971","BESSEMER (HENRY)","12.0","BASEBALL JR/SOFTBALL","OUTDOOR","-87.55673888","41.73220522","1615.0"
"POINT (-87.5575789093792 41.73269686934151)","972","BESSEMER (HENRY)","12.0","BASEBALL JR/SOFTBALL","OUTDOOR","-87.55757891","41.73269687","1616.0"
"POINT (-87.55832996513375 41.73265429314248)","973","BESSEMER (HENRY)","12.0","BASEBALL JR/SOFTBALL","OUTDOOR","-87.55832997","41.73265429","1617.0"
"POINT (-87.55605976988191 41.7331410387875)","974","BESSEMER (HENRY)","12.0","POOL (OUTDOOR)","OUTDOOR","-87.55605977","41.73314104","1618.0"
"POINT (-87.5561610007098 41.732356129345014)","975","BESSEMER (HENRY)","12.0","PLAYGROUND","OUTDOOR","-87.556161","41.73235613","1619.0"
"POINT (-87.55596208062713 41.73200126667072)","976","BESSEMER (HENRY)","12.0","SPRAY FEATURE","OUTDOOR","-87.55596208","41.73200127","1620.0"
"POINT (-87.55743956050462 41.73178048492452)","977","BESSEMER (HENRY)","12.0","BASEBALL SR","OUTDOOR","-87.55743956","41.73178048","1621.0"
"POINT (-87.5578484598479 41.73211712283225)","978","BESSEMER (HENRY)","12.0","BASEBALL SR","OUTDOOR","-87.55784846","41.73211712","1622.0"
"POINT (-87.55617585503894 41.731123829235564)","979","BESSEMER (HENRY)","12.0","TENNIS COURT","OUTDOOR","-87.55617586","41.73112383","1623.0"
"POINT (-87.55583498017891 41.731126432866816)","980","BESSEMER (HENRY)","12.0","TENNIS COURT","OUTDOOR","-87.55583498","41.73112643","1624.0"
"POINT (-87.55600538861725 41.73112758581768)","981","BESSEMER (HENRY)","12.0","TENNIS COURT","OUTDOOR","-87.55600539","41.73112759","1625.0"
"POINT (-87.55635281723934 41.73112502599782)","982","BESSEMER (HENRY)","12.0","TENNIS COURT","OUTDOOR","-87.55635282","41.73112503","1626.0"
"POINT (-87.55775344871893 41.73347654062249)","983","BESSEMER (HENRY)","12.0","TRACK","OUTDOOR","-87.55775345","41.73347654","1627.0"
"POINT (-87.68450132040891 41.708076545861815)","984","BEVERLY","254.0","FOOTBALL/SOCCER COMBO FLD","OUTDOOR","-87.68450132","41.70807655","1628.0"
"POINT (-87.68396977453624 41.707541061167525)","985","BEVERLY","254.0","BASEBALL JR/SOFTBALL","OUTDOOR","-87.68396977","41.70754106","1629.0"
"POINT (-87.68402050283069 41.708500623498814)","986","BEVERLY","254.0","BASEBALL JR/SOFTBALL","OUTDOOR","-87.6840205","41.70850062","1630.0"
"POINT (-87.68426374167122 41.708931861266414)","987","BEVERLY","254.0","BASEBALL JR/SOFTBALL","OUTDOOR","-87.68426374","41.70893186","1631.0"
"POINT (-87.68502283044293 41.70850628262952)","988","BEVERLY","254.0","BASEBALL JR/SOFTBALL","OUTDOOR","-87.68502283","41.70850628","1632.0"
"POINT (-87.68502994386478 41.709601344091844)","989","BEVERLY","254.0","PLAYGROUND","OUTDOOR","-87.68502994","41.70960134","1633.0"
"POINT (-87.68424826410669 41.70937468738638)","990","BEVERLY","254.0","VOLLEYBALL (SAND)","OUTDOOR","-87.68424826","41.70937469","1634.0"
"POINT (-87.68513091179628 41.709769334388845)","991","BEVERLY","254.0","SPRAY FEATURE","OUTDOOR","-87.68513091","41.70976933","1635.0"
"POINT (-87.6849005857801 41.707451295029415)","992","BEVERLY","254.0","BASEBALL SR","OUTDOOR","-87.68490059","41.7074513","1636.0"
"POINT (-87.68381530967898 41.706689510311115)","993","BEVERLY","254.0","TENNIS COURT","OUTDOOR","-87.68381531","41.70668951","1637.0"
"POINT (-87.68364620103858 41.706693078719596)","994","BEVERLY","254.0","TENNIS COURT","OUTDOOR","-87.6836462","41.70669308","1638.0"
"POINT (-87.68364891410027 41.70702341040172)","995","BEVERLY","254.0","TENNIS COURT","OUTDOOR","-87.68364891","41.70702341","1639.0"
"POINT (-87.68383009814492 41.707019910241314)","996","BEVERLY","254.0","TENNIS COURT","OUTDOOR","-87.6838301","41.70701991","1640.0"
"POINT (-87.68380397186723 41.70953501754403)","997","BEVERLY","254.0","VOLLEYBALL","OUTDOOR","-87.68380397","41.70953502","1641.0"
"POINT (-87.61524689937065 41.81283360091038)","998","BIRCH","322.0","PLAYGROUND","OUTDOOR","-87.6152469","41.8128336","1642.0"
"POINT (-87.59291698249159 41.79191236172431)","999","BIXLER (RAY)","1083.0","PLAYGROUND","OUTDOOR","-87.59291698","41.79191236","1643.0"
"POINT (-87.5927585923966 41.791974029635796)","1000","BIXLER (RAY)","1083.0","SPRAY FEATURE","OUTDOOR","-87.59275859","41.79197403","1644.0"
"POINT (-87.75307589467208 41.92303955866253)","1001","BLACKHAWK","122.0","FOOTBALL/SOCCER COMBO FLD","OUTDOOR","-87.75307589","41.92303956","1647.0"
"POINT (-87.75199880461923 41.92285780404605)","1002","BLACKHAWK","122.0","GYMNASIUM","INDOOR","-87.7519988","41.9228578","1648.0"
"POINT (-87.7521988491606 41.92285391974069)","1003","BLACKHAWK","122.0","POOL (INDOOR)","INDOOR","-87.75219885","41.92285392","1649.0"
"POINT (-87.75327618609705 41.9225677753472)","1004","BLACKHAWK","122.0","BASEBALL JR/SOFTBALL","OUTDOOR","-87.75327619","41.92256778","1650.0"
"POINT (-87.75263430176415 41.92299362301904)","1005","BLACKHAWK","122.0","BASEBALL JR/SOFTBALL","OUTDOOR","-87.7526343","41.92299362","1651.0"
"POINT (-87.75330177056709 41.92343107751069)","1006","BLACKHAWK","122.0","BASEBALL JR/SOFTBALL","OUTDOOR","-87.75330177","41.92343108","1652.0"
"POINT (-87.75178757310931 41.92316895745913)","1007","BLACKHAWK","122.0","PLAYGROUND","OUTDOOR","-87.75178757","41.92316896","1653.0"
"POINT (-87.75215221131957 41.923110930416435)","1008","BLACKHAWK","122.0","SPRAY FEATURE","OUTDOOR","-87.75215221","41.92311093","1654.0"
"POINT (-87.75207628959153 41.92356412818156)","1009","BLACKHAWK","122.0","MINI-PITCH","OUTDOOR","-87.75206867","41.92348222","1655.0"
"POINT (-87.75191929285606 41.92356333332608)","1010","BLACKHAWK","122.0","MINI-PITCH","OUTDOOR","-87.75191167","41.92348143","1656.0"
